utility,249.91666,550.3464,ajrtlslypk,011809
utility,353.74152,-874.0207,hncsrdozze,310681
utility,396.5788,-182.63168,wbzgjcxbjc,778633
utility,398.43408,-1178.1472,orhzefyeht,020262
essential,264.45383,-231.60144
essential,236.63956,-1025.4668
luxury,370.33057,-1108.4285,6,almost impossible
essential,246.48575,473.03946
luxury,299.4909,585.22565,3,very easy
utility,357.3849,-1047.7845,rhjeysevgv,660808
essential,161.77988,538.01306
luxury,279.19913,-54.172943,8,very easy
essential,245.35773,-542.72656
utility,267.626,-1767.396,ybeycdsysn,252042
luxury,438.79712,649.02356,3,easy
utility,203.97891,-1340.2421,vabxrdytxx,889132
utility,323.7788,-950.68414,adjuypvajn,882856
utility,308.76447,102.33874,iedreqpjti,539960
essential,309.93137,-576.43304
utility,262.9753,-1125.3962,wlpunomgzi,149289
utility,394.60767,59.83908,wtfhiurhbc,958619
utility,224.93697,-228.84946,jifaaraikd,859998
essential,323.69647,-80.06227
utility,331.8833,145.96426,brayiletti,565585
utility,310.2264,-197.0042,ovfkhuqcea,932721
utility,309.41425,-749.7347,tutyzapntr,668908
utility,257.72083,-505.85358,thdewogkmi,298759
utility,298.34622,-1198.5342,dhxsocrwwi,704886
utility,257.91846,123.30044,cguytvxcqu,152227
essential,301.86993,-1246.9888
utility,242.49333,347.36307,vnxjzizinq,562415
utility,208.56015,-281.75934,pfzizzvkrl,531123
utility,360.69995,-71.9599,lzqegcbmed,072298
utility,244.42291,-1143.7266,ztcxaqxogj,160655
utility,335.60077,-1035.7625,zijxqanicy,206679
luxury,307.903,-516.03326,8,hard
utility,363.2444,-403.77832,ngsoplaxbd,594356
essential,285.846,-1823.593
utility,386.4311,-153.32635,owccirfjbj,778515
essential,275.8341,37.430786
essential,309.31238,155.46048
utility,317.3305,26.86731,eycsfxxnrl,060389
utility,229.42947,516.76074,vhadirvkvf,644061
utility,343.53876,76.169136,mepdaldexw,526304
luxury,416.47366,98.65497,7,almost impossible
utility,226.8925,-1949.0424,wruouqgmbu,296875
utility,291.5454,-1012.90186,jwqrfisqkj,729942
essential,301.61166,0.25268555
essential,181.95296,-578.98474
utility,337.06097,-1410.6737,iuwvlsjynj,279895
luxury,310.58786,-724.1388,1,medium
utility,203.07486,-1548.0444,wmwgnvwonj,952406
utility,365.8767,13.2630005,semastogmf,708283
luxury,251.56892,322.8329,6,very easy
utility,368.58777,-1287.7753,mqavzsfchd,472172
utility,325.1192,-13.609192,vxaazpjiqb,944292
utility,355.6333,-176.9306,kufonckxog,185089
essential,250.56099,-888.4528
luxury,332.43958,-1057.804,6,almost impossible
essential,208.49524,-714.29956
essential,208.20316,255.38977
essential,231.81844,-101.161865
utility,202.81497,775.30286,zekbgnhfth,395070
luxury,343.71014,-1417.1141,11,almost impossible
utility,340.29852,-23.972778,fbzakkxpyb,508182
essential,330.76602,-132.23163
utility,349.26404,-1458.1677,szopxkjxvb,598909
utility,244.57416,-548.1241,ckkoilvyxd,776357
utility,296.20447,706.0813,uerbzxsluz,051610
utility,389.75116,631.46063,dkvufnaxdt,468030
essential,244.43513,-908.656
essential,273.35693,79.51272
utility,228.29434,715.8478,hopytbjfvm,853101
luxury,291.73553,-1015.8452,5,hard
essential,184.48752,-347.53644
utility,355.33502,122.13922,xdzlddmqvp,484933
utility,384.99356,83.95523,azlzdvrqjm,974714
essential,247.30173,-484.04364
utility,319.20587,-1358.0181,qfgjnfmxzp,330506
luxury,339.6307,-630.42993,5,almost impossible
luxury,253.55135,-930.00134,2,hard
utility,283.61642,-39.05249,mrlatxebwm,719176
utility,249.87796,-1172.208,hhvmixkivr,632028
essential,329.62436,-933.69824
luxury,337.91785,-1205.9661,9,almost impossible
utility,250.00717,95.37671,esmtoapxnx,380031
essential,260.67667,-303.1682
utility,341.36002,67.63916,lufrpxrfnk,739711
luxury,315.4534,-557.1358,2,almost impossible
essential,306.0011,-1142.0066
utility,385.599,-212.61798,wjqkwdytdu,067666
luxury,411.7112,-952.04047,1,easy
essential,338.6955,178.81859
utility,208.90762,-1487.1993,cecrvnzbfm,001276
utility,236.05458,-1118.836,qfcabfazvc,388968
utility,363.32086,-946.4835,ydhvvngdwi,055272
utility,332.07242,-59.216125,scqmjqekyg,868080
utility,212.26251,-437.63025,emldtnrzpw,075371
utility,297.03955,-824.0256,lxxygggqbz,911221
utility,215.84827,430.57526,ciesyxtehi,978519
utility,234.63237,-695.76715,vbvijthzed,701124
utility,372.2975,45.59279,jdibzlceyx,443393
utility,221.51738,-652.7804,altdfzgoqw,554102
utility,270.0089,-1657.1309,ojvkjbyhgb,045181
utility,260.2379,-762.7101,qmvnaxxsjs,851282
essential,266.42316,-1300.5143
luxury,342.2661,544.8452,9,very easy
essential,303.47086,114.53906
utility,314.5221,-11.376648,yzkxkapggs,805490
utility,298.37042,-511.29016,rwenuhjxco,699981
utility,369.23923,-455.3147,yfvihqdqns,391165
essential,194.31253,-1341.3506
luxury,350.80493,-1317.0988,7,medium
luxury,299.29413,-358.05695,5,almost impossible
utility,327.34366,-324.6752,lkaismfrwi,523391
essential,188.90356,-1009.7058
luxury,328.06787,144.55795,8,almost impossible
essential,239.68988,792.0671
utility,351.2373,-707.6511,qinvisdslw,528960
luxury,350.79315,707.01074,4,almost impossible
utility,343.53394,-504.9427,polargkvwc,218616
luxury,375.15823,-267.892,2,almost impossible
utility,355.53326,-1028.8334,wjqpuotjip,117587
essential,217.98407,12.2647705
utility,329.0418,-351.68427,ezvkyqtehb,818114
essential,220.69861,432.7112
luxury,422.57016,-1078.9589,7,very easy
essential,261.21857,-538.67236
essential,268.9917,-179.30933
utility,321.79922,-47.80101,dzhrwvjinz,550008
essential,157.2881,-810.8901
essential,251.33138,-474.85687
utility,237.05267,-1545.4004,saitqefmhu,804096
utility,315.04294,-714.5414,dlfuiozkju,874623
essential,280.9746,-1489.9287
utility,375.37,-674.3201,ofhcjwzimx,302753
essential,293.852,-712.3836
luxury,303.08365,174.56763,9,almost impossible
utility,260.26337,-748.0057,jkcqngxhjq,710777
essential,294.2824,-1706.7129
essential,295.41977,-1170.0835
essential,218.21118,-71.07434
essential,237.48674,-676.16296
luxury,367.99078,572.4841,4,almost impossible
essential,259.34598,-105.66617
essential,252.7554,-749.31824
luxury,444.59186,86.818726,6,hard
utility,265.09515,-1106.2263,rygffktrfs,158440
utility,212.90704,672.96375,esoaueepet,917062
essential,347.65305,-717.2159
utility,344.91638,710.0065,daylnmyngd,203496
luxury,275.73608,758.7715,7,almost impossible
essential,339.88324,-1346.547
essential,156.60461,665.541
utility,223.07104,-569.29456,krwhbmyhlj,344795
essential,184.15216,-71.08606
utility,352.17297,-171.4516,thmonhbkso,081297
essential,178.83948,108.341034
utility,366.85046,-662.86346,exggkzqkoe,577824
essential,288.92462,-319.71625
essential,316.30502,-129.31592
luxury,387.79785,-286.98853,6,almost impossible
utility,317.80737,-335.5209,renxqvdncw,878144
essential,347.89392,95.487305
essential,298.63202,543.50616
essential,238.44926,648.1736
essential,219.54541,-840.4656
luxury,378.12036,312.69757,9,very hard
utility,348.718,7.638977,iiagtypsxw,106268
essential,171.58546,-851.9762
utility,322.85535,-1126.9382,nfeqeycmjf,607395
luxury,409.3892,486.52206,9,medium
utility,204.71037,-538.1152,vkcgnjwkrc,441957
utility,208.8533,-1299.709,ddtdqulzex,138141
utility,246.13205,-1320.0403,bqxwggkaok,629350
essential,227.74992,-1185.1738
essential,175.95494,-994.46246
utility,317.79605,603.14435,xfalzdzaeh,654952
utility,383.70483,50.79502,cjhbpdqntj,546132
essential,258.1025,-403.21906
essential,194.19183,258.66235
essential,305.52673,-1633.2399
essential,244.1136,298.96692
essential,265.0183,-645.0916
essential,278.5547,-275.81775
essential,289.3247,-1131.4844
utility,369.92377,-171.5535,kcuhezzymj,781751
luxury,420.06042,585.2972,5,very easy
essential,254.92557,209.4484
utility,243.012,-732.2748,wnvydpgbvg,676535
luxury,346.648,320.86255,1,hard
essential,281.69427,-532.3689
essential,238.98349,-589.2506
utility,215.3288,-348.0499,hnbhylwtni,041654
utility,293.00494,-175.57715,tuawdnzafa,337550
essential,153.48158,-833.9333
utility,340.1324,-1344.891,jmxakxwotp,348118
utility,327.44556,-999.03906,ttqwpcvofp,784036
utility,386.35837,88.34445,nxxieqbguj,701800
essential,222.27599,-1303.8712
utility,264.1921,-635.88873,igwkjegidj,163737
essential,294.28915,-1864.8164
essential,317.44238,-1133.0671
essential,225.94478,-181.52905
utility,287.0514,-189.45844,ftmetwswmw,686763
utility,306.17465,-16.237854,okoctkqjgs,596867
essential,316.98206,-396.08154
luxury,259.94662,781.73474,11,hard
luxury,326.06995,425.86548,1,very easy
utility,319.51483,-1324.0747,qwdhbhleid,802783
utility,298.81097,-516.19836,eclneynqrv,396503
utility,271.2857,649.46454,pgodqtuase,695205
utility,284.0911,481.5818,txsnuelvgt,465641
utility,358.58844,-1232.8182,mqvynnlysy,609238
essential,301.28754,-832.80566
utility,383.34137,-1406.2207,erqjesjkkg,269834
utility,285.82312,-405.0163,yrrpthexwn,596788
utility,293.08093,41.468384,zxpzpqritv,210400
luxury,290.6373,-1491.5796,6,almost impossible
utility,331.1723,509.60022,byhbiicccl,929770
essential,343.5429,295.77185
utility,239.14235,5.7872925,svswllptlj,735066
essential,341.56024,231.40186
essential,189.40654,-43.089294
utility,249.13486,-47.029358,klqlzprkik,155624
luxury,419.07306,-1064.9346,6,almost impossible
utility,258.41028,-63.71849,xytpunotsh,769064
luxury,339.5146,-921.0115,6,almost impossible
essential,305.81366,-403.01074
essential,184.71101,-790.2086
utility,325.67575,-76.737274,sbklfxsofv,496935
essential,216.45198,-438.47366
utility,282.40637,107.70654,dtxtrcrvfq,621055
essential,311.42026,-1746.4017
essential,290.03894,-1593.6997
essential,204.19083,-1132.6455
essential,234.94559,83.62061
essential,305.59937,-1122.7749
essential,342.5206,-454.08887
utility,236.60974,33.58423,kevlxyzidm,112099
utility,246.00348,966.34546,lazrvasfzp,012134
utility,281.0965,-133.08661,hhmaeylcvc,156630
utility,285.3411,-735.9659,jkkahdznnw,895423
utility,386.9349,-1551.0824,ubywxbnlhj,796863
essential,258.28003,-268.53107
essential,245.06432,-343.9756
essential,321.17828,426.59076
utility,347.57397,242.65002,pbukbhyvxd,095672
utility,270.00244,201.10751,utgrgnqxmn,205292
essential,215.82451,-559.23456
luxury,253.91847,-805.14276,2,very easy
utility,382.34576,-798.80786,nakiixlvde,681563
essential,246.97662,-1067.5228
utility,220.19702,514.2957,bbgxwdfmzb,653548
utility,376.9851,-806.76013,vrgxwfrpzu,671935
essential,257.60846,-1868.5889
essential,174.54654,-1162.4878
utility,294.90756,-1639.2941,gvoasbwbjt,870578
essential,292.0421,834.13824
essential,280.5299,5.2027283
utility,226.00122,-81.92963,tzjpjtnetu,558905
utility,256.61304,-138.42505,ncvbsgiaqd,002028
utility,223.75575,-1019.9701,onumtfvtvv,982507
luxury,421.20026,-793.3971,8,easy
utility,285.40265,-1002.7217,gdnhbnuxhc,122522
utility,317.529,194.74744,ngqbajnlaz,669727
essential,185.07312,102.010025
utility,382.40546,-561.9558,yssjxbkuno,753286
utility,313.37628,-881.4092,drrsegvjyo,614169
essential,261.2568,-957.0247
essential,216.46573,638.41455
utility,319.69983,-897.9904,uhhwwfqhns,052479
utility,394.9231,-544.42993,efescesirl,749697
utility,205.35881,-995.0966,yhhmxldnpc,173634
essential,159.72408,-83.14528
utility,337.80234,362.9114,zpvlcppykg,946266
luxury,260.60156,-975.9811,7,almost impossible
utility,294.83453,62.236267,hdeggqollw,130467
essential,182.64911,-849.1635
luxury,398.64722,543.08466,3,almost impossible
utility,332.49774,-433.14777,zjvivvpupz,132630
luxury,359.1668,-1220.2183,1,medium
utility,227.12546,-227.66635,jssrksyloj,453935
essential,167.31345,-144.41113
utility,323.1914,-829.8048,amvtdmaikn,711456
utility,256.90527,-1578.9279,brympgjpvu,090014
utility,318.52084,582.5361,mnacoqlahc,686518
essential,210.70187,557.62805
essential,266.19916,115.31476
essential,196.97339,-409.6445
essential,160.8885,-558.70514
utility,353.96118,-738.7311,jvpekmfrpf,141049
utility,360.73993,-41.78076,ruwwcvxxdx,475983
essential,200.89014,-1165.7606
utility,281.65457,-1121.2063,niiykqafoc,181721
utility,246.68002,135.25412,ifjswaokxa,338785
utility,355.54083,-1745.2662,bwwlndcgrl,194520
essential,168.13504,-1524.4098
utility,319.46878,-918.77136,yisztupcdp,563655
utility,305.73026,-1379.7539,iuccbeyniz,731407
luxury,289.18518,470.86978,2,almost impossible
utility,394.21002,-78.869995,oqgqrfgdyb,728485
utility,276.81506,-742.1337,wxtboauynm,522440
utility,246.79175,-1436.3181,dezxpcqifn,603809
luxury,346.58832,-514.28955,8,hard
luxury,264.69543,153.06287,5,hard
essential,170.63017,-976.81213
utility,375.46213,-792.29297,idzeibcyhh,551165
utility,217.77841,-623.3212,flwletxusy,708693
utility,353.68143,18.010864,vjavdfcbxl,999403
utility,220.24245,735.2717,bplcjxvndx,518426
utility,234.15408,-593.05914,acghitnqjg,489068
utility,312.3701,-203.21942,dcdocgeeit,376376
utility,305.9911,-810.67224,vevfwgbuuy,123176
luxury,440.73697,74.76163,9,almost impossible
luxury,409.52875,-1013.4319,5,almost impossible
essential,315.3991,-376.30865
luxury,363.40363,-1123.9669,3,easy
essential,247.1044,-1688.3861
essential,178.99591,-5.476288
utility,302.5933,155.755,hpvsrwsdix,226746
utility,269.58926,-1553.0051,lbwxorrccv,103133
essential,197.78009,-573.55457
utility,355.08923,-350.57928,zkdwzcqrpv,392180
luxury,343.5777,-987.4385,5,almost impossible
essential,280.10684,669.9788
luxury,262.52136,-718.49835,9,almost impossible
utility,271.98984,-996.04565,iopwavzhzt,459038
luxury,334.27725,-1047.2903,6,very easy
essential,158.13377,-1369.9177
utility,359.04535,-518.4067,jrlxjuyjma,741955
luxury,424.96472,-699.94727,10,hard
utility,280.5157,-726.4742,qtmtjekazm,429597
utility,280.32196,230.66621,rnqbufubbj,362783
utility,322.5749,-1013.0552,nfrnuzwtmg,791707
utility,329.48514,-663.70374,tfjfhawqiq,592033
luxury,349.27658,-593.7459,2,very easy
utility,353.909,-1166.3003,koqnqaitbj,934145
essential,311.6611,-11.289656
utility,386.45062,457.42114,ovliumabpe,637208
essential,157.85214,361.05963
utility,306.31406,-974.4233,tmoakojhqb,692253
utility,221.79366,678.10406,adwvpusdml,866407
utility,294.2407,629.0286,xupzvukjwg,032049
essential,266.23004,869.24927
utility,372.8429,537.60046,gzbzqjxmly,316441
utility,368.27908,-1266.3179,pjaecddhjc,791152
essential,242.48259,-956.84717
luxury,418.2359,-872.3463,9,almost impossible
essential,262.42163,-234.22919
essential,327.0739,-1082.1919
utility,254.58948,-833.0001,yjvsleprql,584624
luxury,420.47324,-956.99774,1,very easy
essential,249.82104,-1274.0198
utility,364.54572,-1255.2634,ojozbnkgkz,471089
luxury,392.67688,-467.55164,7,almost impossible
utility,326.65027,-1017.11,rgutqmjcqt,754284
essential,298.54413,-347.12738
essential,219.84753,-1025.6199
utility,368.80884,-450.72595,mbwwlkavnq,752794
essential,197.41025,-1181.3284
essential,156.66031,-540.5397
essential,172.86026,90.11292
utility,315.6902,-1142.886,dmzbnlczro,611800
luxury,336.07013,407.9787,7,very easy
utility,304.18506,-501.4319,vydytsaelh,801804
essential,174.23944,-131.91052
utility,336.32928,780.04895,snurelpdpn,417727
essential,200.73163,-541.8304
utility,284.76776,14.243134,ezlanyngrc,202636
essential,330.55414,729.16736
essential,343.50638,-1627.593
luxury,322.45074,18.175354,11,almost impossible
luxury,369.31848,-1122.3152,11,very easy
utility,301.0927,-257.83466,ufdjuahjpp,003310
luxury,375.80325,-844.5907,10,very easy
utility,257.43277,-577.29724,oqxecusmjg,003221
utility,279.168,270.2538,wnjhaxjpzk,501855
utility,388.85144,-1532.6296,cqtxwxvezm,382583
utility,302.89038,727.3239,worgjsfpdd,228089
utility,345.36066,-208.19287,yskaidjmhj,980139
utility,282.08813,-679.676,ezaeudekec,765121
utility,346.79608,-1007.1832,twgovuvxjk,252950
utility,216.75018,540.2271,asbdoiojno,599273
utility,267.37332,-950.00476,njubgrlqko,803036
essential,171.74449,-665.0942
essential,333.7531,-980.61487
utility,257.30548,-1248.6506,thzyqgsafj,368135
utility,225.67148,-1245.113,geegppjcyd,860467
utility,277.00647,-832.70776,exkgnojyio,415230
utility,231.46628,-490.36743,fqnztcygxu,453498
utility,332.95798,-1332.0917,ikjgieeymd,515414
luxury,263.08044,205.8612,7,almost impossible
utility,208.64642,-4.848633,nvvhybzlhs,646254
utility,287.19745,-1285.7163,ufyvzbntsx,223765
luxury,364.21304,-1396.1648,1,almost impossible
utility,331.6502,-970.037,gvisfigdaf,712521
utility,316.22855,-215.82593,judwsvlwlc,418028
essential,178.1057,181.7688
utility,246.13242,691.7986,cigwxqvxqa,227115
essential,330.03937,-479.23755
essential,278.3828,-1608.4801
essential,268.77423,-1668.4675
utility,324.1238,-531.6985,uiefsmzzko,350875
utility,330.23105,-460.68115,pmshwtjmbd,613068
utility,307.84946,-1519.6514,giazqwchpr,867168
essential,243.08087,-755.6256
utility,361.8396,-196.51584,ksfytuvoxc,278311
essential,290.48962,-3.2812805
luxury,347.18054,-47.383087,8,medium
utility,270.80774,-908.6089,zpfqdnoncm,226574
essential,325.84204,-1779.3428
utility,253.90883,-818.65796,fkcxmbezvn,957500
luxury,258.31274,-964.6427,6,medium
essential,202.93976,-604.3913
luxury,420.77725,-929.72815,1,almost impossible
luxury,258.95618,-382.70148,7,very hard
luxury,446.4959,394.50104,11,medium
essential,207.63234,-1574.036
luxury,389.16644,-668.8275,2,very easy
utility,399.6488,-1075.0352,ympuqiwaml,377664
utility,215.48534,-823.6852,yfnclmkphn,481223
essential,272.75595,362.2859
utility,373.08936,-731.3442,xutnkxuuww,541985
essential,244.55731,75.15323
luxury,437.8775,-153.96808,1,very easy
essential,232.20432,-995.9048
utility,278.24014,-670.296,qqlwabbfpp,632887
essential,179.04276,321.4336
utility,313.2766,-117.919495,pdkoymgykx,065795
essential,204.39223,-721.9358
utility,262.38458,-666.84814,gzwbanweol,341930
essential,170.4163,-452.55896
utility,276.07196,-822.22784,nkncyrwtoy,015824
essential,272.81143,-872.9494
essential,216.6488,-1560.4846
utility,294.95618,-219.7644,luhokopynm,490694
essential,207.91585,319.87347
essential,278.2842,-86.99432
utility,355.50397,670.2361,rwktsfvjnp,147184
luxury,406.89288,-1151.5171,5,very easy
essential,298.24597,-786.2048
essential,276.29297,-1096.8049
essential,321.00842,655.54834
utility,389.269,-835.2472,mzucuwwxlz,901001
essential,152.15175,-340.30594
luxury,385.41107,800.3272,3,almost impossible
utility,347.5437,-1487.3914,eponsnxufb,541407
utility,250.74803,-1216.3934,eymutahtcq,556629
essential,267.2362,-101.69518
utility,337.0827,-599.82446,nuebboyfuv,329461
utility,334.84836,-1580.4543,bhbbaphxgr,959566
utility,219.42505,217.79718,urypldnppv,219334
utility,331.61792,679.8424,wzadthcgbk,468088
essential,279.30682,-821.23645
utility,269.95975,343.9676,qzzibwixnw,726596
utility,292.99347,-448.2213,tjlkpxreju,328173
utility,387.45428,351.76862,kephxfricy,886496
luxury,372.66284,-446.31268,10,very easy
essential,313.80936,-442.5567
essential,212.15076,-400.84167
utility,399.40735,367.10284,yrykustvcs,761437
utility,295.90594,464.4455,hlfxiyyzsk,936508
utility,241.94327,-138.33713,uokdjyrnhp,418078
utility,273.15982,160.8216,setfrcxeej,365462
utility,387.53146,-520.68555,fodcaqhgdt,512084
essential,322.05182,-244.5839
utility,297.46964,426.43793,gloerckfab,748695
luxury,279.06586,-268.66974,2,very hard
utility,273.61264,-237.21725,gtirgxbzvd,367232
essential,189.91202,185.04102
utility,398.7384,-73.18461,kfveunqqif,054258
utility,390.0763,-890.1059,wmcmazsbpk,679158
utility,340.93463,-1109.4514,lvajamnqkb,082447
utility,379.48138,-1675.7354,rvzwygibtp,476604
utility,399.55627,-71.14209,xygfcwdevi,030606
essential,317.64557,-1168.7903
utility,207.10753,431.84515,wegeptwjcw,714486
utility,235.90642,-746.4806,evsenznqvi,062944
utility,201.17223,343.01352,fsicyucxtc,458324
utility,220.67662,-185.91327,rltzbwztph,650325
essential,205.71243,24.64441
utility,249.06702,115.26657,cejywwrcoc,166988
essential,249.66019,-510.49478
utility,375.01895,242.68622,wxewyanhen,629516
luxury,383.67188,372.15665,1,almost impossible
luxury,337.1574,806.937,9,almost impossible
essential,312.2052,-526.1735
essential,167.79291,-482.24695
utility,386.79526,252.9252,lcfuyfqjse,167880
luxury,355.208,-536.3003,9,almost impossible
essential,245.06299,93.14725
utility,333.93152,-1275.5481,bjrkpqffkf,939769
utility,259.44495,-1467.1544,gdzyhssuow,716883
essential,287.20264,-77.14033
essential,284.8111,-128.76282
essential,264.74753,-1308.8292
essential,185.87477,-1179.77
luxury,308.6316,437.93533,7,almost impossible
essential,277.6671,-822.84906
essential,169.27554,-407.8406
utility,221.6238,-1416.4875,hccbwtdwzg,266260
utility,216.70387,-847.68524,xfrgrsatsb,556752
utility,378.99466,865.0037,kpdnzubjkc,140547
utility,355.9566,-466.98456,ngueijdguu,277778
luxury,257.45636,565.48566,8,almost impossible
utility,274.41296,874.5567,wlndogqugf,677700
utility,388.066,-38.790833,vgdxdyotfv,423091
essential,258.91025,-1444.6665
essential,328.9229,-894.29987
essential,242.78162,-842.67334
utility,328.7361,-170.17645,mpwhbvvcvt,741180
luxury,341.1304,-730.43353,6,almost impossible
utility,211.67365,-950.9189,wrnuxfrdwm,778163
luxury,297.0025,200.7833,3,easy
utility,215.5364,-1629.8547,ikffmutwys,970183
utility,329.84998,444.7608,ylnpdmrmss,235326
utility,214.67601,-987.4029,ybtfsaiime,679807
utility,297.27155,-1333.4963,hbwkccrlqz,382026
luxury,443.37903,-872.6954,7,medium
luxury,335.5553,-1038.137,3,hard
utility,364.8671,-467.83344,lyxuanlxpj,743515
utility,339.4332,-1869.8453,ogfvnfyzhk,535481
essential,264.61752,-781.96423
luxury,271.97803,-205.02509,5,very easy
utility,321.00507,-1134.4218,xnbqfyezpm,941046
utility,219.1272,176.20856,hgcixmcjwm,859865
luxury,368.52185,240.06323,2,almost impossible
utility,360.1877,288.2826,hduqfmzrwf,918920
essential,209.61047,-1553.9631
essential,235.78342,650.2646
utility,255.99008,752.57837,xufjhurrrn,853199
utility,382.82275,-1244.2742,mgogcgfhgm,661037
essential,301.97827,41.831116
utility,258.43884,-596.94507,tihselfcsy,977546
luxury,374.8278,153.76205,2,almost impossible
utility,399.51834,385.4195,qlccemqpme,487379
essential,302.60345,-400.50732
utility,323.43744,-932.8334,rsdoujpnqb,649878
essential,285.38202,-553.88837
luxury,276.34857,-1050.6069,5,easy
utility,350.7549,-603.2991,qdddpplisa,808903
essential,263.37677,334.71338
essential,292.2141,195.26016
luxury,398.59796,-595.7439,8,medium
luxury,445.78418,-841.7372,5,hard
essential,156.31042,-1563.7134
utility,378.71387,428.5205,iofeotryeh,473472
utility,287.7975,-888.6405,bufbtqzwbw,329259
essential,234.60065,-1045.4863
essential,348.01886,-629.0198
utility,361.40295,-1203.3488,xgqpsonddp,250709
utility,383.7879,-348.4259,otpzcbydmf,069203
utility,214.37935,-977.1149,fldvtsakaa,968478
utility,288.50897,-72.00812,nelkbqcgwg,574148
utility,238.42842,-265.17487,echnnnkjwx,369130
utility,385.24054,680.9855,euuwpuscre,616007
essential,193.1575,73.08823
essential,319.11,593.55835
utility,221.26192,-558.1417,epppeafbbt,111312
luxury,390.24017,-936.2365,3,almost impossible
essential,288.9024,555.4073
essential,237.84552,-330.71048
utility,273.25443,6.8667297,moyctckkkf,688589
utility,245.88414,-1063.0254,hkbvlywwsk,956959
luxury,349.32394,-539.5949,3,very easy
utility,299.75958,-90.644226,unsvheqwel,429265
essential,174.52464,14.336548
essential,298.89178,-407.44006
luxury,304.3233,-526.5978,4,almost impossible
utility,296.29178,749.1738,bqoxknyltz,930716
utility,280.3013,-927.10016,gnmomdchmv,992981
luxury,445.76938,-152.75134,2,almost impossible
utility,354.56732,-571.06726,cymspifgzc,983689
utility,319.65674,359.12415,mvzaenvppi,765328
utility,299.1124,-717.0604,fbgmozepea,774329
utility,331.0503,-564.81793,jyhdzblsfq,759268
essential,248.88223,-977.10596
essential,314.3368,329.47427
utility,318.26965,-917.57007,bhstgearko,484848
luxury,353.16357,229.52158,8,almost impossible
utility,210.39684,-1144.7346,cdotcqwsuw,915661
essential,330.19125,142.06738
essential,183.15102,-1392.5958
utility,311.9007,42.256657,tlzmoqfnce,953499
luxury,427.32773,-624.6716,6,hard
utility,373.45795,-848.19824,gexpjvljqe,049882
utility,242.00949,396.26282,fknhkidthm,778719
essential,334.2749,-689.06226
utility,374.7506,-49.465393,uifllokjpj,168846
luxury,430.33716,297.00464,2,very easy
utility,327.0255,-294.927,ybduaxfgyh,637428
utility,357.84067,104.14911,creecaxzlr,618103
utility,308.86047,-185.14514,qfrniawmsr,838468
essential,323.49576,-382.06256
essential,324.09277,-745.35754
utility,338.88538,-1496.8822,asnbwxepgu,947522
utility,377.79788,-336.0346,nitiocmdxy,891559
essential,165.99023,46.39624
luxury,343.34482,-111.88397,3,almost impossible
utility,353.24564,392.5042,zvzehuzhxd,066270
utility,298.0385,517.8045,midwqeglhu,666810
utility,275.7675,-138.27835,cxpzticnix,582844
essential,310.0653,-176.27644
essential,288.06073,351.27362
utility,238.60168,-1937.0233,xbvlmmlceh,276635
utility,292.41818,905.3079,kykskildtk,375074
utility,287.26395,-339.6919,unkmuyhxaw,595355
utility,228.97847,-212.35672,wmqshqptgo,821192
essential,283.50598,-150.97064
utility,304.33163,-1224.7649,wdmgsaonxn,976536
essential,199.714,268.69107
utility,374.24408,172.13065,bhsjtsbzep,167587
utility,257.48514,-979.45856,qjmotfbqrc,393523
luxury,319.23865,-737.76935,4,very hard
luxury,352.19647,-1039.6472,1,medium
luxury,417.74335,104.43585,4,very easy
essential,330.14178,-875.0037
essential,244.88498,-980.5169
essential,274.26575,-1122.2802
luxury,386.54602,-1510.1783,1,almost impossible
essential,174.16327,24.611343
essential,277.54486,406.1516
utility,384.8105,-1550.9814,riuivoycfe,628352
utility,374.64798,-1255.6085,wjvxvfcrdv,342773
utility,387.18066,-1250.7122,ovlhuttcmg,065028
utility,214.34865,535.69543,upahqsacfz,963124
luxury,354.4193,-219.60117,7,almost impossible
utility,209.51704,17.063965,wwtkxvsfuv,414616
utility,345.5528,-161.4371,gtkbooufex,102360
luxury,380.88843,-1240.9114,11,almost impossible
utility,301.69458,-299.18707,xvhmbifcot,799192
luxury,270.76935,-307.95575,6,very hard
luxury,316.58994,-1226.8408,8,very hard
utility,377.76123,-873.85974,ujgaraknxq,681121
utility,228.08694,-229.14426,gosfhardjk,327832
utility,283.1757,-162.09726,cdwcijoapb,587127
utility,333.2058,-709.99817,gggdpvhrhq,723910
utility,360.67786,-989.51514,luxobjbgji,346795
luxury,296.49738,79.356964,8,very easy
utility,228.92311,-88.91089,oekiipcxeu,940361
luxury,261.39227,374.8658,10,almost impossible
essential,310.2056,-693.4551
luxury,255.14572,105.970795,4,hard
utility,284.45505,620.63824,mrpqfwybhg,169148
utility,297.26315,-531.5092,yygwhmolgp,619913
utility,312.36722,649.1045,umhlqooaxd,717257
utility,391.06464,-207.7699,bytvoxgylw,815886
luxury,265.30804,-1747.658,8,very easy
essential,306.63788,-233.73486
utility,377.69205,-1194.8704,ciiwjqxfvl,323544
essential,336.35474,-1154.7173
utility,360.99045,-776.2055,avdzoqvmsd,169919
luxury,311.76184,595.714,4,very easy
utility,397.76794,-1465.532,lpbjrixoab,400553
utility,277.22614,-1239.6312,bndbofidey,143037
essential,325.50836,40.321777
utility,324.07986,404.45605,gcyijdzoxr,950001
luxury,405.81274,-439.33966,1,easy
utility,244.6813,-462.0255,ysruymtgit,912826
essential,294.1336,-386.0707
essential,266.57007,58.90027
essential,216.48572,-1242.6582
utility,225.71298,-605.1459,ubjwegvodi,043922
utility,262.5954,436.5244,knhitmcfvp,652782
utility,322.89233,153.07477,cdgczxnrmj,715369
essential,302.51343,-275.3327
essential,216.11398,-60.165466
utility,236.09378,-603.4955,ijpeddkztd,868390
luxury,332.46063,391.03955,5,easy
luxury,383.85907,-630.6037,9,medium
essential,216.04613,-765.00415
utility,263.6713,-1381.5294,vpwjubxrse,880417
utility,333.6766,-872.77527,lrtpktudcj,037207
utility,374.08408,-785.3165,kuulosgzfm,232616
luxury,401.52148,-668.9901,4,medium
utility,305.5068,-626.6985,bfzqkfqpcm,591798
essential,219.8302,-370.3692
utility,256.42456,-128.97589,nmnqstbysp,087350
utility,297.788,-1230.9657,lfeulxkjbo,441595
essential,158.19507,-1648.0027
utility,363.12534,359.03967,ypcuiwevyx,387562
utility,297.82965,194.31357,ybofslcsbf,838518
utility,340.67932,246.42328,pmcdpechoy,358834
utility,218.90321,-1504.7523,kwpzapqfiz,214724
utility,237.68542,558.403,wywjyawdtj,017747
utility,322.78973,171.97687,bhkoayxzyk,523748
utility,270.44147,-1154.9862,udziafxgqx,946693
essential,235.85251,-224.30048
utility,257.55804,-830.4929,ivinicqxmw,682189
essential,212.30772,-872.2829
utility,363.8647,-1410.7026,wkzjytylav,812639
essential,214.2597,-1145.8787
utility,343.5143,-776.7717,kvajybkrrm,809185
utility,282.33994,232.40607,rrmmpphfds,408092
utility,213.88165,-823.63965,lcrguyabtq,235344
utility,243.13504,39.414764,duxoseccth,183246
utility,349.3139,-184.07465,orjcnikcir,278887
essential,201.60164,-1247.5186
essential,272.21313,-1191.7487
utility,273.10223,-876.14923,vqbfgvpbax,067627
essential,154.43758,-50.538666
utility,319.74493,-1235.2927,spnfaeprbt,012638
utility,223.35892,-933.85767,rfuzsizswg,640068
essential,347.70956,661.176
utility,378.90686,-362.29797,bnzacyobnf,568039
utility,363.8874,-931.03,dtqbvxxett,723446
luxury,445.45294,-6.4473267,10,almost impossible
utility,209.55318,-886.0747,hednmtygke,250763
essential,169.23155,-464.1864
essential,234.89941,140.22191
essential,229.22394,-862.8382
luxury,367.0954,-121.43054,8,almost impossible
essential,162.38016,-918.64526
luxury,330.46808,-476.40918,5,medium
luxury,384.14246,-1009.21985,11,almost impossible
essential,297.30127,-1518.7064
luxury,424.1145,-1092.1714,1,almost impossible
luxury,423.94705,267.79926,1,almost impossible
luxury,311.80493,-1252.4062,4,hard
utility,307.67624,46.03827,hyfgvxwwks,879248
luxury,272.21405,-1512.7112,10,easy
luxury,433.3673,-1104.3688,7,medium
utility,220.77765,492.3104,qyxuujadgf,784797
luxury,384.95868,-326.31445,4,almost impossible
essential,254.47775,272.8894
utility,326.8921,-758.068,serfjostto,320411
utility,263.06854,82.44864,rrrsocluyy,434488
essential,343.5118,-1119.7455
utility,380.24078,-386.96893,innklwitzp,612436
luxury,397.2565,-1041.0527,11,easy
utility,224.30971,-426.03467,adpabhhcec,875231
essential,214.8266,-484.091
luxury,261.07288,-279.0562,11,very hard
utility,247.09128,-1381.5043,llatpmgrle,337619
essential,273.1519,-66.15524
utility,216.59521,-830.2924,wpuyyrhqyr,416821
luxury,304.22586,420.7299,2,almost impossible
luxury,336.7876,-1055.5592,5,easy
luxury,445.86237,1000.4173,3,easy
utility,308.62988,-1317.5872,igtytdmmco,558459
essential,344.476,-1339.4714
utility,276.73947,-732.6011,wxjpwjlvbq,291361
luxury,324.68936,-1185.5753,3,very easy
utility,305.31995,-73.10968,hkwihwhgtk,266514
utility,211.02306,-1314.3027,czkxwrvfda,615575
utility,233.67348,-1345.7012,fhsowelokr,142309
essential,313.5103,-922.0255
luxury,369.53754,337.2922,11,very easy
utility,326.30078,-1053.4314,tgjcpksrzl,935332
utility,241.29224,-1028.6809,nimjlqssvg,434517
essential,153.69705,106.79657
essential,323.65604,-513.25336
utility,267.80457,-904.2223,ebcemwufbn,575013
utility,315.17438,-1201.0444,ipmertisoy,709254
essential,299.67404,6.3771667
essential,154.10399,-1329.2155
utility,229.14848,7.3674927,eqyoqgechx,273476
essential,308.02167,236.56638
utility,306.8701,70.70535,zyymmguhqq,413403
utility,358.27844,821.8634,frlbuwdsdx,942527
essential,345.98724,-158.37515
luxury,350.43176,-1129.0007,8,almost impossible
utility,227.1568,-172.19635,yiydkiydpa,777323
utility,299.3397,788.245,ptfhswbfqq,627969
utility,267.44373,353.12244,oowxfnvntw,457036
essential,335.3061,-709.49115
essential,224.07492,-314.30652
utility,229.54636,-1450.7452,olaujkvhfo,994143
utility,382.66858,-5.149597,uwoqbmkcaq,120018
essential,154.92346,-1491.4911
utility,209.70537,259.02795,twnjprlufd,219941
luxury,436.14948,-498.1043,10,hard
luxury,383.2107,-909.3134,8,hard
utility,376.1245,-1340.8645,nkrhmwzjzk,473191
essential,221.39522,-77.59171
essential,233.89734,-802.6085
essential,153.94669,-267.61536
utility,396.9838,-1072.188,avlzubtrrp,976439
utility,329.10046,46.03058,ntgtoeqcbb,181711
utility,277.74796,355.22342,yngsjwkwuq,452291
utility,364.85483,-1943.7758,lueoqkwlio,432499
utility,280.7729,329.09833,fqitjntveh,670865
utility,211.95042,-407.3009,yeociicbkt,981364
utility,389.78577,-48.984833,hsaoyfjszo,790276
essential,206.96188,-667.1621
essential,315.67947,-935.62823
utility,209.7668,-1079.1863,dnzyvtqata,365163
utility,274.16705,186.24112,tbvjybxxii,378858
utility,223.27946,-776.89734,zsotxzoxan,151846
utility,260.60468,-202.91019,ciqqktnlrt,937972
luxury,254.01477,227.34467,10,almost impossible
utility,354.24796,-389.78967,mslgdbazcg,522678
luxury,304.36322,-481.85535,3,almost impossible
utility,289.53674,-386.66626,urmstgshcw,728445
essential,286.53217,-520.6342
utility,392.80746,-1304.5125,wsijoiytfw,770291
luxury,442.13068,-3.8183289,9,almost impossible
luxury,252.82729,-627.72766,8,very easy
essential,256.33112,268.72186
essential,274.03677,7.966858
essential,319.06738,-550.3968
utility,233.31035,-215.0151,dmsajxxfpc,021727
utility,336.13367,-46.020035,itpxwkkjev,607811
utility,299.11633,72.075745,kdvehpobwr,092784
utility,228.22476,0.20812988,uoryaccxzu,501890
utility,294.02563,462.67493,olraciaerv,739477
essential,340.22833,-33.144897
utility,232.10489,-864.9589,kpicthzwhi,970822
essential,340.39984,-1598.7031
utility,233.19359,75.12503,bmekignyij,020988
luxury,400.00482,-574.80365,4,very easy
essential,214.8045,777.2945
utility,364.54486,-279.17352,sguxxraqoh,509411
utility,302.14948,-842.91046,jkdqmmefww,832144
utility,297.79877,-1013.63806,ytgdkvtejk,819690
luxury,398.06952,-130.78345,11,easy
utility,304.48456,-782.6848,skalkwvjbv,251461
essential,184.48135,-1595.2739
utility,324.24805,-748.29156,lnixykxfpa,751337
utility,291.63843,-272.38965,oliwwxopcv,361684
essential,276.2797,-376.3623
essential,271.39853,-700.003
essential,321.17065,-670.68225
essential,200.86552,-939.7763
utility,224.34329,-925.0854,yaaqcnweqy,701745
utility,311.45584,-630.1158,fidftqyzss,028123
utility,351.96765,-18.591919,uxbtycyiws,191369
essential,217.33331,-315.91815
utility,368.456,-102.52869,efleukfmxn,611350
essential,163.76038,-1327.0461
utility,394.62183,550.2035,poceylzfes,350793
essential,252.38159,-643.4407
luxury,349.33725,-655.7329,1,hard
utility,371.60858,4.997925,rmxqabujfk,486661
utility,399.16302,-1545.2601,ewbwjdtviv,825769
utility,200.28232,-682.4463,qjebqqiuiu,193183
essential,165.09259,-1059.504
essential,343.37726,124.290344
essential,335.8988,353.573
utility,215.91661,-1012.4077,qprzjvaigv,839604
essential,150.13118,-853.81396
utility,263.47067,917.1094,mgeufsuwdh,486527
utility,293.26782,-935.94275,qanxjehbmz,798743
utility,381.36804,-302.60162,vzbnmixxmo,486091
luxury,408.51804,-995.67786,10,almost impossible
essential,299.19684,358.8089
essential,167.4122,-140.5167
essential,189.86743,-751.96875
luxury,405.17273,-29.789978,5,very easy
luxury,418.7791,-1757.8125,2,very hard
utility,344.49588,108.3139,lpxnpnvstk,136338
utility,384.65524,834.2224,cdspvktpmh,949916
essential,193.12804,-643.16626
essential,242.20467,-1534.1261
essential,239.81497,-307.06964
utility,215.54497,429.9287,dbxgwpkfwt,430445
essential,303.41852,434.73004
luxury,416.50348,-361.73346,2,almost impossible
utility,207.3836,452.69412,zbsyutpxbc,259514
luxury,278.13177,599.64514,6,easy
utility,357.99234,-515.6981,trsuubwvkt,203313
essential,288.37173,-1066.4056
luxury,306.10583,90.18045,4,almost impossible
utility,385.06616,-1578.6198,gxrzeevowc,491728
luxury,430.41608,-1055.0596,9,almost impossible
essential,225.02972,-384.24512
utility,221.991,434.5774,atjcknutzv,827483
utility,301.14752,-1004.79846,vcsebhsquf,611745
utility,370.10367,323.42517,mqudxogkuj,322103
essential,212.41464,-14.307617
utility,356.08844,-227.08444,gieusljjls,055989
essential,321.57388,-1311.6714
essential,283.82452,-835.8166
utility,239.84698,-529.5476,xkrppsufwe,012499
utility,213.85101,-206.26001,jgudnrtquo,571031
luxury,376.05563,-12.719727,6,easy
essential,209.72989,-585.31934
utility,279.16562,-910.30914,tpcvnzxpau,024950
luxury,292.9272,-316.85327,4,almost impossible
luxury,378.9392,-552.9924,1,almost impossible
luxury,309.49252,382.19147,1,almost impossible
essential,347.07687,-1174.312
essential,219.96715,-624.9585
luxury,368.42245,-1330.3148,2,almost impossible
utility,361.23956,-1539.5854,obnkqlyyfn,125825
utility,379.48773,-526.3065,aargkcanrj,211520
utility,216.6061,-1265.3965,njhcjbkart,444736
luxury,330.59732,301.7337,6,very easy
essential,332.38828,-1392.5903
utility,201.43752,25.591675,awdsvmgtlt,412772
luxury,369.61884,161.40314,10,medium
luxury,364.29865,-1267.8821,2,easy
utility,261.84296,-482.4771,qgiwlmfugy,895003
essential,168.3815,-837.16406
utility,312.8199,-872.36237,fjemhnkoxw,288472
luxury,424.1635,-235.91852,3,very easy
luxury,368.92764,-787.79553,9,almost impossible
luxury,362.61926,723.55786,11,very hard
luxury,262.89075,251.1919,9,very easy
utility,282.9416,-498.89313,tjiiuubwba,368824
essential,273.4525,-451.00275
utility,208.98439,965.99805,dwjduyumqc,079620
utility,313.60742,713.558,xcdtcsptre,621019
utility,366.51855,277.62097,jtyqnsnvju,292357
utility,272.4809,556.0156,xehotcuizv,366352
utility,334.49942,-438.0735,dcuegoxzjs,693072
utility,242.24379,334.4442,nblhnzhole,862323
utility,201.48058,404.4965,yaxulsqxbf,737383
utility,212.28748,-182.7998,qneikegzge,893870
utility,351.47955,-790.51025,vyxnmaxmtt,593765
utility,373.42526,-1479.4778,cjzuwupdqi,214747
essential,209.64969,-64.41626
utility,370.10425,202.34018,xbevfkymbk,015962
utility,377.20673,147.73547,abgnudemdg,529549
luxury,441.19934,-197.58057,9,very easy
utility,337.2893,57.638947,tftytsmzws,103839
essential,301.70633,886.19257
luxury,406.02295,-248.33344,6,medium
utility,224.35037,-470.48175,lmpfpqhbch,030481
essential,347.88046,468.1151
luxury,326.03986,-404.79388,8,easy
utility,251.08212,-380.3609,swdsuahctj,227785
utility,359.24066,-303.25256,smijpuwclt,890859
utility,384.54755,-741.3413,zcgvgxrmhc,831140
essential,242.2121,-577.9426
luxury,402.267,-516.7612,8,medium
utility,347.41507,477.64117,seeshrccmz,009256
utility,293.03674,-990.7136,yujtbxkedy,622400
utility,207.08026,693.94946,lfyvqtwamw,439499
essential,179.00713,-1692.4761
essential,261.4028,-976.4317
essential,337.83606,574.4539
essential,180.5329,897.5964
utility,368.3767,-1862.63,pukwurcckt,226379
essential,333.0136,378.8858
essential,213.58865,-411.18536
luxury,433.27322,-62.07318,6,very hard
essential,218.59781,-1081.9381
essential,229.13736,-1018.68506
utility,217.25433,87.52399,hacizlgfxt,079867
utility,329.08627,-103.86078,qyqecbsknw,676027
utility,299.11346,-1365.2296,lpsnwxxtke,058862
utility,312.67328,670.7961,nzkmxbirno,826429
utility,263.96048,161.3349,avyubyorfy,502093
essential,268.8471,-614.4773
essential,218.85577,-34.597656
essential,165.77432,-309.8224
luxury,361.56943,-1096.0293,5,hard
utility,336.2453,-117.20792,nhromxbyqq,629989
luxury,336.9593,-778.5608,9,very easy
luxury,315.09277,-1031.7058,3,easy
utility,307.65445,-623.1261,ooxiioyduu,175570
essential,174.55005,-1323.7158
utility,288.79865,-105.37726,nhiwwwltwp,461994
essential,251.74571,-1020.4539
essential,292.29303,-695.9525
essential,200.37137,-1383.5205
utility,274.96753,254.40591,xvmdqyoxhi,554073
utility,312.84155,-161.98853,lpihshquqd,562855
luxury,423.96387,-1505.9789,3,almost impossible
luxury,444.8257,-190.96277,10,very hard
utility,379.3021,-1135.3875,iocywqpqmf,647337
luxury,400.8147,-34.00714,11,very hard
utility,317.57037,-338.52286,kjllskyrea,080249
essential,215.043,-333.9657
essential,245.48154,363.01056
luxury,397.39194,-1614.235,2,easy
utility,221.03049,-851.5691,buyjpftvhv,760892
essential,206.72507,-1239.586
essential,259.12445,-140.71933
essential,188.212,-386.6972
luxury,402.64923,-1635.3269,11,very hard
utility,281.25183,534.6322,sfpemoqeff,255739
utility,310.9038,-87.933105,rkjtmbgulh,073794
essential,292.80817,249.38574
essential,325.65295,-312.56274
utility,276.53094,-287.289,ncllswvdbd,044170
utility,210.90962,398.75485,sgprrpzfxb,396178
utility,269.86893,-1393.8057,koypezoriz,495281
essential,262.1929,-691.2527
essential,195.48453,-1267.6571
luxury,357.524,-744.74963,3,medium
essential,200.73734,-160.35986
luxury,334.0376,391.33487,4,medium
utility,393.68845,-583.71655,xtehcnsvsi,539270
utility,383.4917,-38.867798,sseuxnonnn,533481
luxury,314.066,-653.46387,10,very easy
essential,155.14209,-264.05164
luxury,407.17487,109.79669,5,very easy
essential,315.05597,-656.62396
essential,238.01758,-880.1439
utility,294.37616,-1599.4421,ahxkaanbzd,615769
luxury,362.46732,-1172.4957,8,very easy
utility,228.48808,45.084595,egvxcnvywy,053571
luxury,408.66714,-994.8657,7,very easy
essential,184.1018,-1192.5796
luxury,430.72968,-1598.4652,5,almost impossible
utility,276.7906,674.2006,uodgjzfsjz,351216
utility,348.36865,49.12138,wxhulxafuo,288333
essential,246.12727,219.97803
luxury,323.89078,-1331.9479,8,easy
luxury,393.2483,505.1974,1,almost impossible
utility,225.4585,-1055.7983,gcbdpbkxyy,698520
luxury,441.78986,-0.8600464,3,almost impossible
utility,264.4828,-1366.5916,quuqtrdibt,829459
utility,370.8982,-1666.4679,hyqdmfvxlh,628799
utility,381.67505,-1041.0865,zolgzvbngw,783493
utility,289.76343,894.6369,llkejhvxgt,590550
essential,191.20987,-528.2697
utility,381.14404,-189.26,warasfsnca,022488
essential,305.2642,-773.4408
utility,355.06326,-596.3225,ktslmequwd,412053
essential,315.48206,-794.62036
essential,232.71861,-720.22217
utility,315.31384,-423.55457,fhvxfcvtss,156536
essential,310.02234,-711.06586
utility,304.66382,-585.72235,mhmvlxhmzi,189861
utility,321.66714,-1104.8779,vbiprwvgpe,115504
essential,244.38806,-798.75305
utility,394.66034,450.02652,ydaiswtkab,022464
utility,374.82623,-601.423,epwtammbcb,569301
essential,283.6288,-1030.8423
luxury,255.72818,197.98492,2,very hard
utility,237.06229,-1145.7185,rhtzmakjuw,579856
essential,276.71707,-338.2669
essential,203.09286,-1215.9971
essential,184.01285,-1042.9236
utility,266.82648,-357.29364,tcyitdiurg,935192
utility,341.6797,630.94226,jsncdvagqs,063817
essential,227.15662,-671.26373
essential,284.04922,566.04224
utility,202.5586,448.72388,tuqkigwmvc,987868
utility,278.37445,-904.2838,rfewhwyzpa,775378
utility,325.9015,-1650.4956,pkmfyfqanr,934828
essential,254.52237,-1083.8691
utility,298.26263,342.8402,cesbfnupmj,001827
utility,351.32184,-1089.5923,iqurxlmntd,339761
utility,255.77692,-151.76318,ftpptolbir,547963
luxury,280.6703,-946.4842,7,very easy
utility,321.39972,-1443.8502,jlqmxlmshz,649628
utility,283.34366,-587.48267,agsbircmhq,467825
essential,306.87738,-932.31226
utility,342.313,-1353.26,qizhbkzbwh,191236
essential,155.03401,258.2637
utility,319.54413,-1019.8179,joggsmrumr,034893
essential,271.77277,-508.0496
luxury,321.76776,-946.2599,9,very hard
utility,287.72913,-73.814095,fzqyujfuxp,006305
essential,275.65955,-1883.4673
utility,317.55875,-1012.40625,stvgwtjyqx,317198
utility,245.1004,67.37543,hpoetlrpew,713762
utility,360.34344,-1056.2893,slfhsrftnv,325566
utility,350.83728,-1054.1543,uyroxwjzlu,856636
utility,322.51392,460.98828,axxwvjptfu,316777
luxury,322.77917,-1532.4294,3,easy
essential,283.83807,-926.71094
essential,204.07988,-1191.2057
utility,236.78806,-825.9741,uppgxfzkfm,318799
utility,290.27832,-1050.182,wnejgaxltu,816169
utility,387.23132,-1478.167,xbzyeohraj,828136
utility,315.0659,-109.601074,skcbzmrzzh,904789
utility,258.88272,374.25757,uurhsxqymg,524469
utility,349.28174,268.9584,whxmeezseu,721998
essential,253.13123,165.11296
essential,303.0182,-1481.2513
luxury,346.52264,-508.08557,8,almost impossible
utility,266.38846,-900.73596,bclhubcbmf,557794
essential,310.92957,84.28836
essential,282.78427,-1297.6847
utility,302.09082,-173.61923,xjeqflpdmo,509564
essential,300.59445,-1290.1434
utility,398.95724,-1066.625,jfinwemuqa,648579
utility,370.597,-999.45483,djoepbaydl,339363
essential,150.03262,-1.0770569
utility,269.016,-861.3556,mzrrmpmhpf,117735
utility,392.83545,-164.17194,rzdtmoayxi,685946
luxury,358.2197,-1490.5831,1,almost impossible
utility,369.7859,-35.756165,gutcmjrfqc,441990
utility,329.8863,-935.6638,jqhxlejezq,951519
essential,211.9546,-905.7762
utility,247.86752,-813.4113,ixrwdybcnj,367747
essential,187.7949,-1618.2054
utility,312.33795,-303.98788,twsuhbghjd,103603
utility,356.0345,194.61182,bmflutjudi,429709
utility,320.89606,-112.68829,mpkopcnkqd,953681
luxury,391.08008,-835.4507,11,very hard
utility,321.0124,190.62112,vfgmdpagia,157664
utility,357.30225,-987.515,mvbcoprfnq,932974
essential,291.85345,307.8804
luxury,347.51523,492.40048,6,almost impossible
utility,225.24261,542.2955,mfrotqkmfk,177610
essential,253.17879,445.42084
utility,298.44205,-988.2439,gygoibpmmz,659034
utility,220.3332,-1005.3992,rdqwnkubka,243252
luxury,343.1754,-1000.34546,3,almost impossible
luxury,254.60721,432.34073,6,easy
essential,285.3344,-891.1913
luxury,307.3374,-1627.9443,5,easy
essential,348.34564,-705.99335
utility,248.64656,531.9034,asbfyrbgqc,864870
utility,312.7835,820.59174,kupyfhwgkj,040191
essential,256.054,-781.62427
utility,214.57036,497.2672,qlpvqogucw,339808
essential,244.34612,-1105.8516
essential,171.09843,-458.03674
utility,388.4235,452.32632,fryfjpdrxu,423883
essential,221.49872,-1053.1478
utility,225.08179,400.52948,nlmfgmsixc,435350
essential,169.41345,372.27472
utility,273.75308,-947.3554,csiosyixzo,849727
essential,182.6786,-1077.2551
luxury,364.9107,-905.86414,6,medium
utility,341.6403,-730.43164,hxwhphtkbn,817874
utility,219.90779,-1486.5112,lqccepqwdf,437639
luxury,295.43915,52.376526,4,very easy
utility,305.85504,-398.88025,owdvpulwfa,225774
utility,279.00928,-54.225433,eazfyxiuzi,476248
essential,326.2003,313.10327
utility,319.494,75.16669,fogclbjynh,088699
utility,326.77478,96.80972,rnziacjhdk,628286
luxury,376.76883,-243.2775,9,almost impossible
luxury,283.19537,-1429.2585,9,very easy
utility,208.69612,-593.42346,shzkpsysrx,347478
luxury,271.1917,-1224.8414,1,easy
luxury,403.6059,-915.9381,9,medium
essential,234.40497,-480.36896
essential,298.34283,540.8333
utility,349.44925,835.81433,dzfwlfimdy,277177
utility,282.28265,-207.32098,rhzkarnvhe,243552
luxury,441.32495,-524.0608,7,almost impossible
utility,379.1297,-1246.9818,ipkbjbmuuu,377648
essential,285.16147,-658.98096
luxury,444.9969,-319.5688,10,very easy
utility,366.88556,523.65466,uotygefnyt,471721
utility,224.58055,-665.00165,mgnopzpksf,078399
utility,318.89606,495.86353,qlwjgaiayi,135290
utility,248.63551,-929.5852,vfpvzppvjf,317249
utility,220.1,-373.62134,mrxjhinkwg,402392
utility,384.39597,-665.64484,vxsebruybu,883498
utility,300.94284,-1065.7346,bxkoqoeejk,478327
luxury,260.88928,-1348.8949,9,almost impossible
utility,274.28476,-104.35127,txgonhbmcy,183539
luxury,365.1457,-638.18066,9,medium
essential,214.2214,-1172.1831
utility,349.37628,-492.69507,rpdkxnmfjt,946199
luxury,300.30518,-1107.9573,9,almost impossible
essential,194.50168,-542.1753
utility,286.61102,-3.5356293,poilwnzsmb,686444
essential,171.25551,-498.84592
utility,297.2391,35.62677,plkuohjitu,668725
essential,191.37628,-1714.9801
essential,212.57076,468.51947
luxury,280.82037,229.64905,3,almost impossible
essential,316.28015,247.08466
luxury,385.08057,275.68262,7,almost impossible
utility,234.40443,-539.4417,qfzfnieycx,379748
utility,323.5453,-102.70882,ljtavljvuz,459362
luxury,279.1836,-971.8051,7,almost impossible
utility,270.80096,313.3424,mzhjugtlcu,351980
luxury,293.83258,7.82193,11,almost impossible
luxury,381.86383,681.17944,3,almost impossible
utility,342.14105,-1259.6085,nzbolkhkzi,504270
luxury,416.9955,294.41656,5,almost impossible
essential,230.3189,-1073.2385
utility,388.69202,-132.01093,ntvnppgayt,110048
utility,285.1253,395.96796,cmsnklbkdi,018724
luxury,295.57623,730.2685,7,very hard
essential,188.51483,-1883.7715
essential,249.55994,-192.84662
essential,345.9734,-651.91925
luxury,325.5982,-1404.8293,5,very easy
essential,283.78375,-788.7589
essential,173.44646,-1236.3279
essential,298.40195,228.04398
utility,357.36377,919.1545,lhchbilhmo,444748
luxury,285.76788,-170.3634,9,almost impossible
utility,364.83456,-1415.6245,dvvpzdlmdk,044625
utility,254.64394,523.1212,qbyhkmguws,190756
luxury,379.37225,-896.7499,8,almost impossible
luxury,435.4276,-614.4202,8,medium
essential,217.76425,-373.64874
essential,282.59448,-12.065712
utility,297.11667,-671.5687,pculhzdjvr,339643
utility,239.87323,-1333.4266,irvtxnafui,370560
utility,294.4593,-437.10223,lsacldrcpf,409702
utility,315.62283,-148.93932,gpsiiogegt,594582
utility,266.56,-754.83685,anpuqtodnr,768652
luxury,428.15277,835.5526,2,almost impossible
essential,191.39691,-521.6543
essential,217.42233,274.57776
luxury,307.97684,68.0802,5,hard
utility,310.11713,460.25723,cepeyipiub,725995
utility,206.46927,198.1203,bjlouskqzq,203006
essential,186.11334,-713.1339
utility,258.76172,-919.9544,chknoigwfz,560311
utility,364.53986,34.531128,topzhybpje,714171
luxury,261.26276,-905.284,4,almost impossible
utility,287.3364,-1444.2825,oyxxkpdnky,304388
essential,269.36047,-261.55316
essential,238.53368,801.95056
essential,175.51855,15.810974
utility,287.3579,-1257.8691,znnflnqhia,841976
essential,245.03687,-82.84305
utility,276.6025,101.98053,qcxzlensez,631998
essential,169.23335,-907.13
luxury,253.34236,272.8204,8,easy
utility,316.61102,-686.0688,rfaycuctmi,726050
utility,357.535,-1577.0479,rmpjxjtmbh,295781
utility,264.16144,-1171.3364,toxflwlzvw,634465
luxury,368.19165,-784.83356,5,almost impossible
utility,243.89153,-330.16135,fmftezafuv,125154
utility,289.3118,269.2331,ianrzsryxo,668500
essential,196.96893,-411.47992
utility,204.2856,-1074.2958,cjyltdyeol,503088
utility,338.82452,-511.51562,pfqinnxpwm,206353
utility,293.67596,139.40018,nwzryprclx,391871
utility,366.21762,-811.2611,boqaelovll,178459
utility,243.53983,-580.15894,waheuwusrx,019539
luxury,343.31964,-296.21777,5,very hard
luxury,341.37564,-1711.7744,4,almost impossible
essential,255.00743,-1478.8047
essential,308.18048,-1140.9357
utility,378.97534,-1730.2238,kassiqdomy,902166
essential,260.26358,512.8335
luxury,309.6567,-308.57703,10,almost impossible
utility,201.1064,-604.2767,pxvqakqgip,666591
utility,394.30182,-34.711365,iogdsgnhlu,248216
luxury,401.13196,843.37115,10,hard
essential,343.16003,-59.581696
utility,374.01294,-719.3165,wynuzoycxb,922960
utility,242.79672,-129.78125,xrfbyiaorg,088317
essential,163.92422,-684.06104
essential,342.313,-284.31854
utility,210.41284,-984.6436,iiewkmbxyj,633203
essential,173.83234,-134.78326
essential,313.55762,-220.57477
luxury,275.6581,-653.76514,8,almost impossible
essential,258.7065,-944.00684
essential,155.11731,-356.24335
utility,284.73727,-384.98724,ekdxgvnbnn,567763
luxury,350.62006,-289.7378,5,very easy
utility,313.09674,-66.53785,jqlkkqrqld,756562
essential,323.29346,-821.6972
utility,258.16827,525.557,lnigbdtaip,978584
essential,250.24681,-863.5137
luxury,425.23486,178.2261,10,very easy
essential,336.82193,-556.8615
utility,371.4805,-32.249878,apixnzzgpz,071624
essential,160.52184,-1536.1968
essential,247.51721,-389.50824
utility,206.88472,423.19818,mewlwmettd,359124
utility,282.74005,-805.7129,idttevmobj,818132
utility,352.36603,-923.863,ckitwiruee,172931
utility,396.89624,-1557.1392,fsttbompub,788270
utility,360.78162,-999.91113,zlejquzfcr,738710
luxury,297.33896,361.8696,4,almost impossible
essential,263.15494,-397.51434
utility,287.01846,-1106.8862,fonmzarssv,439977
essential,261.15292,283.6833
utility,358.83936,-1314.2828,arohpussxz,349502
essential,344.45178,-1205.8953
essential,190.90128,-282.93906
utility,350.802,-46.333374,pmqndekxmj,187684
utility,274.86676,-980.2596,nlnolvvvho,453782
luxury,396.79047,185.63626,3,almost impossible
essential,208.56479,57.13092
essential,284.21988,-1068.303
utility,231.18175,278.26044,ltqorovgku,323597
utility,209.34088,-416.7667,hplxcyyokp,630810
utility,211.4626,-120.966156,bxqlmnlxxg,641914
utility,265.28818,-318.97113,ezogdfpnbg,162219
essential,269.03043,-1161.5253
essential,300.80762,-848.39526
utility,396.5193,-465.4768,csgqyvyyqg,181665
essential,264.18695,-1089.0969
utility,205.92831,-733.7635,adaffhhwca,920398
essential,291.90533,-1360.4556
essential,204.63538,-1237.9016
essential,258.68005,474.64465
utility,363.47482,269.05438,tuwbvbsvdr,840586
luxury,378.12378,-919.2742,8,almost impossible
utility,211.16269,-1541.4242,htojzgyozx,207778
luxury,432.24982,-386.3205,10,very easy
utility,228.92798,-1851.855,ubmgkhdtbk,582336
utility,339.14224,-865.1925,uzxgjrenzs,252304
essential,227.8479,401.55447
essential,190.19319,241.02539
essential,338.27063,-1609.647
utility,228.03015,-978.8275,hxhdpfzhzv,349147
essential,192.5235,-841.27246
essential,290.51764,3.3529358
essential,160.28322,59.424103
essential,178.64938,-890.4144
utility,280.5416,320.93732,hnlexmwfkd,491720
essential,296.4202,-410.3782
utility,352.54553,366.78442,ysmukyjfoq,109165
luxury,415.9969,-765.5783,11,almost impossible
essential,241.47952,-136.48608
luxury,390.03925,76.2022,5,very easy
utility,365.1082,-1337.0933,ficlzgklvm,923659
utility,288.4594,57.016907,opvquwurcf,772769
essential,308.77893,-713.30615
essential,337.76947,-766.4894
luxury,343.65546,231.36319,6,almost impossible
luxury,364.06808,65.94653,4,hard
luxury,302.4502,-957.86847,7,almost impossible
utility,376.61328,-6.088913,terweddgsu,248015
essential,247.62537,714.5939
luxury,297.4784,382.8465,5,almost impossible
utility,207.46457,-305.02423,lbbtmqhcmr,854736
luxury,283.68085,-249.78839,3,medium
utility,390.6701,187.19055,jqojctyrim,328165
luxury,412.6469,307.347,6,almost impossible
essential,276.9467,270.51685
luxury,305.7378,-912.9304,2,almost impossible
essential,253.01518,-1420.7292
utility,299.64355,-830.5254,gfhcrljewt,554973
utility,394.70264,-72.273254,miadxnrvbi,772473
essential,251.84949,176.61255
essential,324.20456,15.498505
essential,223.87198,237.82294
essential,170.29805,-649.876
essential,182.06873,-166.30627
utility,213.50037,-431.98804,muouxnzmvq,380544
utility,320.52463,-1244.1672,cxtnjfmurl,317411
essential,265.86603,-824.34045
utility,304.56586,-862.5775,bsvnnvepkc,032658
luxury,365.60886,-202.54395,4,very easy
utility,309.27643,-128.64658,dlmznijpfs,331009
essential,188.2724,-1572.6919
utility,301.78503,22.645477,mqglyugfmk,216905
utility,285.60162,-840.8126,oqwvilphxy,766381
essential,300.92386,398.5881
luxury,288.05444,-1336.022,1,almost impossible
utility,260.04462,-1010.8779,vbdhreopbt,139389
essential,312.88483,503.69864
essential,159.6098,144.06427
essential,327.432,-921.8803
essential,287.0109,-358.68268
essential,185.78537,291.26428
essential,339.03537,600.55005
luxury,391.27167,-1273.7296,4,very easy
essential,349.42273,160.55182
essential,192.70404,368.60623
utility,282.39014,-98.81949,sqcdvyjxby,956092
essential,349.01715,-1059.8281
essential,342.01373,-1522.9681
essential,201.37895,732.7846
essential,215.20346,-462.149
utility,205.059,-391.20856,ffvpwtjpcq,864614
utility,394.66904,-389.0443,zhmqhshrmo,414219
utility,205.16518,-404.30365,xlcdwrsxzh,264774
essential,233.49063,-543.2253
essential,273.44876,-425.28503
luxury,387.54883,-210.56262,3,very hard
essential,158.02261,-290.50842
utility,223.592,-171.92871,zprecghuzg,327512
essential,284.41913,-710.2613
luxury,326.70074,-994.9927,5,easy
utility,251.10356,-885.59656,saikrhuvar,593606
utility,261.04965,228.95966,oolfceklkd,603433
utility,238.01949,-773.45685,jqooxkxdca,706895
utility,356.21793,-491.50043,pppjyfcjaj,297311
utility,246.9661,-730.7357,okejqzoiit,314365
luxury,398.07132,414.76233,4,medium
utility,236.20271,-362.03314,dhrttfgepp,288592
essential,253.40344,-87.679016
utility,323.7057,-1107.6694,waxrdxrrsg,630353
essential,177.3922,-780.77985
utility,274.40488,-185.55403,dkdkwhubty,393829
utility,238.51732,-467.48352,xeciunxlcv,195378
utility,269.21585,822.88763,xpelagzvys,481103
essential,306.07974,-1392.3928
utility,243.32457,-1293.3441,lfneleedov,986237
essential,227.54518,62.438446
utility,309.3819,-1611.0023,rybodtediu,760924
luxury,417.77002,-1235.3564,9,very easy
utility,339.00583,752.96014,uosgfwfeax,812782
utility,315.6004,269.20285,ptkjanqfyo,767917
essential,173.02707,-376.3706
utility,388.71484,783.76953,cbqcplyjoa,022687
utility,275.9325,-486.07214,ofnsyhwvom,174417
luxury,258.26593,-641.25037,8,easy
essential,173.54776,343.01147
essential,311.96228,-1201.137
luxury,288.44922,20.266663,11,very easy
luxury,392.8568,138.22916,4,very easy
utility,303.40393,249.19275,ehponfyigr,098192
utility,259.23175,-247.07648,aazawcdmhi,032165
utility,349.95074,-27.676651,ycubislccg,053645
essential,153.28778,263.9507
utility,332.18237,619.8369,rsbsvrolge,393658
utility,243.94081,-945.74744,ztihdayhtu,667424
essential,331.4041,733.6364
essential,320.78433,-759.8878
luxury,413.23654,-534.0051,2,almost impossible
essential,295.40097,-1359.156
utility,222.31387,351.72296,gtnzfjrmbu,091025
utility,310.9803,-1089.3015,biulrcwpcd,807100
utility,385.19684,187.60962,skmsjtoszj,795115
utility,381.33835,-302.47192,dqoeysogka,833276
essential,174.25124,-209.76495
utility,325.68286,126.8642,hklplpczuz,774310
essential,207.3157,439.08594
utility,254.09645,394.97086,vaaaaihclo,700974
essential,232.69821,-1623.544
utility,347.1216,620.769,agqjgavagp,831655
utility,346.16284,-1388.2817,znsaztfdsp,984639
essential,154.07643,-1283.0
utility,222.1468,-661.3336,lserhcqzet,847262
utility,286.9818,263.39557,iokzdrkhyw,229382
utility,211.67236,-441.70758,tnfhenijnb,379501
essential,208.43939,297.51172
utility,251.43187,-209.59769,pmtlespmgr,642460
utility,363.03763,-25.586914,lyygdcoqcx,934918
essential,266.32037,245.31482
utility,358.56805,-1466.9364,ooixfgsnxs,521185
utility,287.1822,-588.0472,dzgevcrdtz,883040
utility,284.7784,425.27454,iqaotmcayc,978972
essential,214.04137,182.90756
utility,366.5375,-506.6433,zupwqfcrzd,895359
utility,205.37743,-867.20306,sklqynjeto,341694
utility,348.13538,-1572.3689,icwssdkhbg,286034
utility,289.04553,-1537.7732,pdruwxmxvr,893055
luxury,427.80728,8.271317,4,very hard
utility,252.55151,-1655.1306,kgbmdymzhl,520252
utility,385.55966,-979.8078,mxpfovfpct,842415
utility,362.99432,-1086.8821,ulgpkgdlqo,704256
luxury,284.393,66.40607,1,hard
utility,340.8934,-952.14636,vijbkybkyd,764216
utility,309.54694,-38.834045,etusyfdomo,782812
luxury,390.13998,-847.2532,6,very easy
utility,266.5648,-1532.2864,jwquxfcuqv,258885
utility,342.53137,58.710144,kozcpcefhz,504492
essential,294.49612,-979.591
utility,341.1574,-1310.5173,vrrufwovuh,581121
luxury,250.71709,-680.2301,3,almost impossible
utility,383.70627,-100.18515,sudhfrpsou,958445
utility,294.4615,-202.97128,usdxkzkoov,242677
luxury,432.56116,-752.1841,1,very hard
essential,259.41635,-1133.4806
luxury,438.19754,-482.33203,5,easy
luxury,378.65182,-81.38611,2,very easy
utility,302.08356,-1510.2261,tnfcstupxm,333460
utility,300.84195,205.73795,pkubyuplxo,675697
essential,208.73209,-124.01343
essential,333.328,339.6968
utility,312.22742,-631.12366,kqviuqvtuq,231806
utility,243.10094,-1027.3037,jqxjpykpfc,687094
essential,220.38452,749.08057
utility,204.31354,136.39902,snjwlmbrga,523513
luxury,399.25317,-1499.1072,2,almost impossible
utility,253.15091,-999.27295,mnvpuyqggt,532007
essential,301.61414,-291.22632
utility,252.09627,-985.45325,pcmtalknac,802936
essential,240.8377,15.096802
luxury,252.64798,-1559.7644,11,hard
utility,380.5355,-777.009,gribcgakne,362606
utility,373.9187,111.73297,kluxqugvkd,022322
essential,302.16772,-879.3504
utility,314.29498,157.20837,eskrnhwywm,629248
essential,340.12305,-347.34753
essential,260.39987,-561.8252
essential,177.70807,490.99384
utility,353.79834,64.40848,ezrlrozels,048448
utility,273.07224,-235.07666,dedydzvegl,024854
utility,297.16718,-523.1643,jjigrwfcew,219961
essential,342.29303,-402.31158
utility,235.5771,-763.7088,xnkmehetqw,890367
essential,282.35413,379.02563
essential,170.90916,-1113.8744
essential,212.49475,416.42328
utility,342.76593,340.40405,aujakafjvs,642482
luxury,286.3822,-869.0004,2,very hard
essential,187.36337,-1020.52185
essential,236.1293,-948.62146
luxury,250.72766,-811.04126,2,very easy
luxury,300.2155,-18.182251,10,very easy
luxury,419.62582,-1482.1489,3,almost impossible
utility,342.21973,-417.24216,iaxcpnxobw,517955
essential,346.46436,-432.1684
essential,304.51892,-158.16153
essential,340.89252,473.66205
essential,154.53978,-300.40002
utility,211.3748,-1409.5466,tsdjbokcib,569813
utility,301.14066,62.983704,pojiyqvyaj,846712
essential,325.80853,704.6615
utility,354.1266,-24.235535,wleverovxn,126649
utility,368.2496,-596.8589,egjvcqqinv,238636
essential,257.58466,-495.83075
utility,229.98177,-1356.7417,otnvmaqwvl,622728
essential,190.14165,-8.585989
essential,320.72894,115.33008
utility,269.16818,-134.9312,etzjvfnxdq,967322
utility,271.88104,-1135.2268,vvvsmpiwyv,543869
utility,304.9845,-721.78625,nwgjeyltqe,857309
utility,290.1368,-1362.9469,fjkzdltjmf,291307
essential,331.59186,34.52246
essential,259.85046,-815.75366
utility,243.203,247.31369,mlvckyavqz,371618
utility,232.70598,-407.4674,qytfvapltr,997270
utility,285.28302,5.416687,jiiymobvij,321804
luxury,381.58984,-1416.4512,3,almost impossible
essential,205.55096,-369.3498
utility,290.04425,-192.90329,fdcofdqwie,602540
utility,232.69412,281.65033,fvzdyheinl,928288
utility,233.41286,386.8844,tbfcysjwsf,411438
essential,285.36914,-1010.1679
essential,279.42258,-813.5661
utility,371.17563,-983.9044,oyillnprck,249206
utility,378.5396,-1144.5265,ndlvfsxpke,516878
essential,183.26245,-927.65814
utility,316.52975,-948.98486,qeetxjpawg,998794
utility,291.33203,-449.62878,zhzitimwyx,282184
essential,204.4734,-1299.4005
utility,332.26477,287.70108,nvfvhhpqoa,861826
utility,223.15338,-290.51913,ipgzixbetw,399624
essential,212.15868,-742.68054
utility,263.05713,-1622.9518,mxptgjdxvb,183450
utility,252.33928,-135.83282,nydekorqvd,197676
utility,353.9278,-493.7204,tzodbqtkfg,042178
utility,297.4922,-138.86334,eccbzcrost,349275
essential,236.05862,-1046.0636
luxury,424.56342,-832.11914,9,almost impossible
luxury,254.12553,758.86395,8,very hard
utility,294.42807,196.08838,xlcuykdsjp,348754
utility,271.0076,80.28473,tswggezgxl,788493
utility,287.084,15.7092285,nijygstadb,858921
essential,160.84515,-1018.6988
utility,398.1833,107.196625,evjzyptjuk,229401
utility,263.23517,217.22687,uhdmypkqli,412584
utility,235.03928,-274.50037,qdifgpfzvh,930136
luxury,447.54333,-1092.0848,11,almost impossible
utility,351.753,-1707.994,adakygsyhu,815170
essential,240.85896,-106.6277
utility,349.89655,-1146.4238,jnjmhkguby,979536
utility,311.93866,-1170.9208,wgxmumucxw,732057
essential,225.56877,110.3631
essential,162.4389,65.711975
luxury,325.919,-95.57254,3,almost impossible
essential,150.4923,-701.186
utility,216.31412,67.71576,lsydcvrjva,635016
utility,263.99667,-84.122185,trngniauwa,490124
utility,374.61304,180.58185,bjipurmdjb,413631
luxury,436.9079,-1131.9701,10,medium
luxury,316.41962,371.20898,4,very hard
utility,380.7068,-739.85205,upzecyurrl,452041
essential,330.86133,-1106.2507
utility,205.66777,491.80246,zlgtwouorj,500728
utility,306.4335,-281.46313,njoqrwrswl,101555
utility,331.16925,-1086.0287,eayrltsvaf,709573
essential,184.5345,-190.44052
essential,167.84401,-1098.0033
luxury,398.23242,-1178.5503,8,almost impossible
utility,262.89633,171.42139,kwmtbgxzyn,122162
utility,335.0987,38.43332,wcgtaaszsl,766229
utility,268.16824,-76.17883,tkxhpnnsed,453647
utility,218.87404,-1150.1027,anhumcjtax,702476
utility,333.92126,-1190.2471,zgdmopfsvi,746746
essential,280.33698,-431.18658
essential,179.51074,-551.48615
utility,361.4472,-1146.7327,dwooyegvht,080986
utility,323.13763,-894.6893,ndrgptmtmj,346865
utility,214.89377,-559.1716,xvxhkumakt,068794
utility,386.2785,15.188568,fykbbwlpcs,491735
utility,309.8182,25.356628,omxjauwkti,819335
utility,331.26752,371.19894,rlqnlhknkt,991914
utility,304.8413,-419.73788,gxpxzcsstt,143635
essential,202.61737,71.54828
essential,154.80893,-806.12054
utility,298.85382,-489.88196,sriyrwvezt,367121
utility,337.47363,-940.4241,mplmjtxvxd,434734
essential,243.79976,642.7399
essential,260.0166,-311.14304
utility,287.5785,-137.83542,hdpzhuqnne,910668
utility,323.35388,-1923.302,dmwgnmauyl,197394
luxury,289.79657,-542.0665,3,hard
essential,211.54657,-1113.1677
essential,264.87268,784.49365
luxury,412.18924,-1205.3184,10,medium
essential,318.0987,-896.84985
utility,299.86792,-273.3653,ovboebtuwj,700706
essential,213.48567,-1074.1171
essential,160.12881,-128.80069
essential,224.75809,-961.5513
utility,299.19827,-1020.4751,shrokhfxfj,279244
utility,371.70306,-1259.4827,eontxunrsb,140802
utility,243.78888,-56.881958,eaefeddmdh,364905
utility,261.73413,617.3517,crtgmtewbu,385762
essential,285.91943,-684.7014
utility,303.29688,-240.88794,mrgaujpfgy,022371
luxury,410.21918,566.9756,5,easy
essential,183.27182,-417.38684
essential,203.70013,429.98932
essential,188.03137,-1052.5133
utility,381.64008,-893.4879,wljohlxtfp,230211
utility,332.20822,172.78632,rrotmdvsga,746477
essential,276.74316,-273.6469
essential,330.52734,717.4286
luxury,446.72922,-130.74847,3,easy
luxury,276.71573,-309.08636,4,very easy
utility,252.38757,-251.55243,whseuicbmc,142596
luxury,308.49298,-1081.0771,4,very easy
utility,345.48413,400.4267,rlfsilzvnl,365570
utility,355.30603,-220.95389,syfosbhjaa,818833
utility,321.0317,481.56854,jvpaoamxgt,678552
essential,222.18895,519.90955
essential,344.66492,-369.5603
essential,158.95125,572.43555
luxury,402.02158,-952.4349,5,very easy
luxury,368.18695,83.032425,2,medium
luxury,257.9341,-1133.4608,6,almost impossible
utility,217.5302,-821.821,uarfrqtant,589603
luxury,317.17804,116.60562,2,almost impossible
utility,397.66425,-403.6394,rwughycnqw,184175
luxury,292.54224,-606.993,3,very easy
luxury,433.79675,-749.26276,8,very hard
utility,242.2505,-1128.2878,psbprcegti,311265
utility,327.2514,-575.172,wbvriqetuo,251132
essential,330.07745,-888.7447
utility,266.03705,-389.7426,vwmirxhsqt,811882
essential,234.59953,-365.11377
essential,269.45715,-653.799
utility,243.4716,579.0126,fuswiyctnl,723802
essential,191.70412,-530.422
utility,308.09442,-1504.3721,zsjqsumbjs,831527
utility,311.07578,395.69897,cjsotnzpua,095403
utility,214.80923,359.06036,dzltothhuc,906486
utility,286.9859,821.3693,qszxqwxjof,562945
utility,201.50389,-1083.9966,ptbfjgfujv,471064
utility,363.2841,101.2124,jtqytedqpi,479035
utility,267.1601,-126.526474,bccgduslnk,942103
utility,377.32324,-131.79608,czbmyexbsd,791030
utility,285.6831,-1774.0812,dytnpjbvgf,333391
essential,196.97226,-751.9872
essential,219.94112,590.0156
essential,268.4615,-772.3341
essential,267.32678,273.12158
utility,209.55568,-1059.0774,ommzadydzr,196806
utility,210.19092,-1222.7472,eoerymwmhm,596156
essential,205.09897,-133.3328
essential,217.97209,254.62378
utility,259.37854,-260.2731,izajrluqkt,223486
essential,184.92943,151.6181
luxury,277.67648,800.5454,7,almost impossible
utility,243.68839,-1219.8588,bcxrcpwzce,990035
essential,348.7509,-1199.3096
utility,280.77542,-232.48761,xqbrszluum,817593
essential,306.4146,-814.1859
luxury,416.86578,-837.75684,7,very easy
essential,165.46713,-639.15
essential,252.31647,173.42604
utility,295.62134,142.42917,cvgxgglxxd,168024
luxury,357.5417,-835.31445,3,almost impossible
essential,316.6255,-491.39014
utility,213.88666,-117.64578,wnxexslmth,683699
luxury,409.4261,815.9297,2,almost impossible
utility,267.66644,-1638.8228,fmulvsaqav,453615
utility,243.13705,-293.14484,uhjwfhmzhy,782895
luxury,325.31265,-385.22263,2,very easy
utility,274.23773,-629.838,cecupsvugh,917862
utility,212.10439,-710.6841,cvgobkftfp,856705
essential,220.07462,218.0203
utility,335.9361,-1096.9888,pseblpqtuv,202130
utility,201.04602,45.899902,ocgvsejlva,165384
utility,376.36014,-81.06983,qilflncojw,508234
utility,245.22742,62.28882,mtxghjuhuv,385115
essential,195.24715,-1582.8877
utility,395.9342,-815.18494,epnowviuug,239800
utility,206.30226,-1461.7395,gzqhjtnxcz,527659
utility,211.81192,-593.2477,vjluxaijdw,643203
utility,210.83156,-68.913635,vspephlbjx,619510
utility,255.54562,-713.4551,qgzyfpaqth,855852
utility,371.04587,-723.02484,gusgwznarx,247258
utility,224.22232,-296.5653,kzwwetoqth,629719
utility,295.94238,-370.56894,aplsyffxob,297416
utility,205.11124,645.5544,ourcauctyw,722840
luxury,316.79953,-1662.6525,1,hard
utility,286.2553,-569.27313,zkalinqjyv,947489
essential,181.5183,267.28802
utility,236.13254,96.13025,oyzjrzxstn,361033
utility,222.8663,-627.9046,fwylhajdbk,147644
essential,165.69722,-739.75214
essential,257.6525,12.721252
essential,177.43158,-787.9617
utility,285.12793,-1136.0029,nzdhezxgms,217667
essential,167.68645,-650.5256
essential,340.7064,-442.93716
essential,228.2337,870.34784
luxury,301.5861,506.16513,1,hard
utility,244.22801,-49.099915,kdqmwudxsy,198793
essential,257.39117,-1758.484
essential,327.64276,176.80026
luxury,442.18073,921.86005,8,almost impossible
essential,210.38261,-209.11633
luxury,356.88602,-406.81885,4,very hard
luxury,433.9575,-1470.7592,2,medium
essential,215.42438,-784.1195
essential,309.9724,157.48444
utility,361.94946,65.11548,nakdlwchaz,959075
essential,276.86526,-1417.4012
essential,331.70996,-1482.7256
luxury,446.71033,122.26355,1,almost impossible
utility,360.94803,465.77454,zfhiwzitgi,878834
essential,161.29057,264.85443
utility,397.73944,582.28827,gthuqqotvd,484225
essential,283.78638,-1611.1343
essential,279.64,196.37286
essential,346.33148,503.3122
utility,277.4193,-1211.0317,eaqlartgcd,046949
luxury,259.17487,-1738.8768,9,almost impossible
utility,393.38666,770.6706,xsonbojive,759676
essential,343.68954,105.16315
utility,202.16956,-552.6066,iqfuncjlab,830369
essential,220.53113,-172.5321
essential,225.91284,-287.8676
utility,346.42316,-529.75183,zhiuwnboet,661064
utility,308.41895,-1180.7756,lpysdrkmkj,382023
utility,360.05566,-1152.9536,okdkhpmgfh,678630
essential,218.03719,28.742798
essential,294.2008,-432.6695
utility,244.85944,86.92096,qwynntamgb,538738
utility,393.90887,297.33682,pjynxecukf,392695
utility,380.60138,923.2478,sfseoeqjxw,755630
utility,219.96515,-285.04657,iudixyqlqg,600392
utility,344.70734,-793.7915,wpyfphswek,478125
utility,274.73505,-1429.5442,hvgonfwuzn,054438
luxury,442.42303,343.16388,3,very hard
utility,352.66324,-523.2468,xesnlpyzpk,896867
essential,304.81537,-103.6084
essential,168.11835,-99.09415
essential,256.82556,-1156.3917
utility,304.23077,320.00775,vgrcxonokq,701166
luxury,374.32178,-356.9237,9,very hard
essential,274.49216,192.94968
essential,194.32388,-1078.3193
essential,328.1565,-1053.574
essential,234.62958,-360.87082
utility,233.64114,-234.298,lqklhwolod,379342
luxury,382.85992,-111.61691,4,easy
luxury,279.58218,-662.22375,5,almost impossible
essential,201.3433,-1771.5819
utility,363.2801,370.6848,ybpxyzaqjn,198309
luxury,422.21442,-1457.0903,3,medium
essential,339.88324,-1165.0947
essential,305.25348,-69.16267
utility,328.23523,482.3996,vgiuyphfdu,902861
utility,380.60498,372.1689,wodjxmcpyy,359350
essential,208.69989,-169.48395
luxury,380.6879,-734.4152,8,almost impossible
utility,219.9619,235.05136,tienofkqqy,381159
essential,286.8432,-655.9299
utility,394.3728,-972.2544,pbczsbkfeb,274285
utility,237.13144,-1332.6753,nfsfwzbqkl,375631
luxury,401.0995,23.667145,7,very easy
utility,206.82271,-116.568115,cmerwgwqsj,273878
luxury,332.9676,-1592.173,2,almost impossible
utility,277.79443,-277.21683,dnkitygyow,354141
utility,261.55457,-421.98297,rnraqqcloe,972190
essential,256.64792,-1486.1124
luxury,387.31534,-991.19214,5,almost impossible
luxury,440.56436,210.7873,6,very easy
essential,300.88318,-370.03296
essential,176.99115,-692.89703
luxury,432.68762,77.23688,3,almost impossible
essential,162.19844,-1388.416
essential,150.84172,-1122.3984
utility,321.04242,-648.57654,setchodtlv,011848
utility,229.77681,93.33716,fogarqmtlp,946340
utility,247.43904,232.06738,ecgrmddoku,236888
essential,200.79181,394.24878
utility,249.58206,-780.6985,qhucsrwjgd,542293
utility,207.54344,-405.87476,kuzykeipac,397662
utility,207.03772,-521.5138,bvlkttlofz,959512
utility,377.10052,187.53806,fsarzxubpm,860632
luxury,403.54675,-798.9846,9,medium
utility,340.15524,-19.741241,npkxtrtcef,787627
essential,166.74356,75.46777
essential,291.48047,415.90802
utility,380.31836,-442.48468,zbtroscfvx,996504
utility,383.862,820.94745,uipupzjdhc,350849
utility,296.55756,92.03516,rhmgsczqvi,750076
essential,285.35773,-358.67236
utility,312.98154,-730.03436,alfnrrhrmy,837533
utility,310.32425,-346.46918,wlbjygwctw,500525
essential,189.60403,-824.9696
utility,366.22665,218.91025,rcqvrhzhzk,851327
utility,385.0791,-428.9878,trutjvxvzx,224176
utility,320.1026,841.64386,lvskoxzfvd,267014
essential,211.75497,-881.4472
utility,395.08685,-953.162,omyxrmsoxb,543409
utility,251.81273,197.13708,utgcwtrhjw,145894
utility,376.773,-1809.9596,eglukkxrij,715973
utility,259.65143,-313.23938,ryvwxvqihx,830523
essential,341.0137,-711.9637
essential,150.35898,-420.7287
luxury,273.70996,-708.14233,8,easy
utility,257.59833,83.33478,cdhzkhgupm,305909
essential,266.1994,314.36365
essential,312.79562,-1043.7336
luxury,292.01877,-633.75433,3,very easy
essential,270.95627,-523.4116
luxury,415.301,-256.38217,5,very easy
utility,211.31851,-410.27646,sjijybyxoe,310369
luxury,449.1411,25.517214,11,almost impossible
essential,222.04524,-138.46802
utility,330.4909,-1715.5596,yptbtxfcqm,050841
utility,391.9986,-273.02808,ssucsajgln,273053
utility,301.2232,-37.67401,wmjvvguxkl,956631
utility,241.51978,356.93646,dguoupshme,644247
utility,396.00592,-708.05084,utdlozgojy,189352
utility,307.0644,-485.7409,qwlugnreqn,426624
luxury,308.67004,196.61862,9,very hard
utility,355.71912,-963.4537,auzkitchnx,349623
essential,325.43185,-492.28455
utility,319.3037,81.03842,zchqglbwgk,219058
essential,221.8007,117.95734
luxury,442.1538,488.77588,5,almost impossible
utility,372.84564,253.29596,sojvthimxq,938905
utility,254.2224,-146.61963,qcdxnmqddn,981179
utility,300.9826,-1055.1974,enhpayadfe,409446
utility,297.30322,-649.7698,hyfzwgaqmm,241446
essential,172.73239,-141.68994
essential,257.6507,-1272.3539
essential,183.82,205.78593
essential,344.1283,926.38385
luxury,419.68018,152.4295,10,almost impossible
utility,363.68524,-1183.1616,wgavmhloaw,601840
utility,250.3454,-139.01286,buircctufz,729341
utility,203.88812,-810.42456,bvvvjfygxz,011617
utility,217.79439,-1193.8068,uqhrtmuzud,706013
essential,177.8665,-764.4082
essential,241.26746,237.49216
essential,316.99927,202.35345
utility,294.4165,-627.2877,tpnhcjabbm,193002
essential,177.57074,-145.44226
utility,351.4275,-148.8808,kwzgltzvcy,343740
utility,371.45294,-1106.0625,ukevfauzqq,377095
essential,244.09737,507.7511
luxury,277.6493,885.5248,10,very hard
utility,349.9811,-1220.8171,hsymcpgyvs,507504
essential,248.76514,-1093.7201
essential,161.5183,-1366.8971
essential,230.8294,-1442.9956
utility,340.26697,-604.68634,uofmwhdkes,594094
utility,394.5086,-314.34766,tzajchxote,900066
utility,240.69888,-651.614,ihsptgscnc,143308
essential,289.5015,-792.0297
essential,163.41154,-749.9729
essential,203.38257,-555.3432
luxury,387.43958,53.865723,10,almost impossible
utility,206.04504,-600.8816,hpeytgulwn,325307
essential,289.16086,-1034.2443
utility,251.02771,-195.92838,hivgdkjpis,439043
utility,271.65033,-73.259766,lkvykyhbct,054760
utility,232.82188,187.86188,bhliiwrqrq,612883
utility,296.07086,-165.74438,ndzuljawod,569008
essential,253.69312,-713.43164
utility,337.159,-232.84589,ohituypfrd,095896
utility,286.60114,-497.43085,zlkdigugvl,892720
luxury,394.3013,-1830.1241,8,almost impossible
essential,338.45117,785.3259
utility,284.1781,-339.13452,bdnxkfjxwd,970187
utility,352.6167,-983.4811,pqagwsdmep,256072
utility,285.9898,-823.95264,fdiwfcppjc,338012
utility,305.84543,-1253.3087,vgzbgempgv,769619
utility,352.85645,-1607.6271,zptpntheio,931223
utility,219.88953,-713.7373,ztdhhfilcm,396438
utility,399.3262,-1116.2488,obizhknmkk,135501
utility,294.46582,377.32513,ckmopwntxa,033314
luxury,407.05884,-802.07666,9,almost impossible
utility,356.7255,-1253.966,dwhuzfneal,302971
essential,221.06091,-546.9516
utility,271.6681,-1261.9155,vrhaazlikj,163318
essential,279.75323,-332.97452
utility,338.8336,-1783.6753,dzaugmhvxz,007897
essential,194.92593,-467.183
utility,221.41428,-315.1593,slxpcvhdjk,518235
utility,278.27582,-1498.5469,maadqftmhc,387290
essential,340.9272,-390.42432
luxury,408.88892,-578.6953,11,hard
essential,221.84924,-510.59442
utility,349.1656,466.81485,kuqwrzmmtj,518091
utility,386.64932,-549.50336,cqgzldtjjx,528776
utility,224.30821,-23.573883,kttkvrqzxx,794514
essential,268.73764,57.681763
essential,292.76184,-904.22375
utility,341.487,522.23364,ngfojxfitp,103762
essential,347.68533,93.798004
utility,312.63422,-954.0892,zyabebhkeu,289633
utility,320.2309,-1293.3201,zbwnviazpt,630441
essential,342.1056,-522.6593
utility,283.7316,-345.89835,etsdufmvsi,658223
utility,346.6827,-849.11365,vyjbyjogtf,037425
utility,214.24818,-611.8228,jmitinzmvm,122239
luxury,289.44568,795.82623,1,almost impossible
utility,237.133,-1648.0322,namsvzjuok,996217
utility,283.5,106.54353,cwwswsqpqs,038454
essential,178.90105,-289.30383
utility,382.90793,249.34937,inxodafvie,216131
essential,188.06958,398.02463
essential,286.8775,-358.4734
luxury,312.70157,602.01416,3,almost impossible
essential,317.347,-680.0895
utility,387.08673,190.71048,anojqaaenf,942179
utility,219.16408,-448.1865,bvikwogtej,807863
utility,348.43018,-153.80048,uqgeoupzuw,569671
luxury,441.85864,145.52574,3,almost impossible
essential,348.86502,52.194763
utility,337.91382,-878.90875,lvzkdnxwro,871872
luxury,409.63837,415.6499,2,hard
utility,270.6881,-582.43176,euyqproqvy,499037
utility,284.54797,-87.66528,hqkndigsng,364048
utility,374.98468,-86.13867,owyfsncvxo,218920
essential,316.0124,-928.5609
utility,388.29178,102.21475,ruivvsijiq,128351
essential,315.0479,-1509.4397
utility,221.57481,-245.92834,odausxspti,668649
utility,344.69653,53.61902,cvqwmgcinr,556318
utility,327.59784,-1901.5354,fxsixiwdsb,688639
utility,219.06158,-443.49292,qghusyckha,021515
luxury,427.12744,291.9041,7,very easy
utility,373.03418,-262.3274,lslcxvwebc,833874
luxury,293.60144,-984.1094,1,very easy
utility,318.10483,-327.0002,xpslxxiqhx,752857
utility,295.33432,-588.54333,yutbnditwz,286711
utility,272.28528,43.57744,hxurjfiyyw,815605
luxury,325.4803,-1052.2712,1,almost impossible
utility,214.30368,440.91467,lqtzwxuhze,872625
utility,300.82306,173.6871,jdiyklkrbr,599085
utility,272.89462,-906.8649,amvfsuizfm,015851
utility,263.52246,88.30444,haavkbmmnh,408831
utility,262.63333,-365.0338,wmyywzxbbg,141947
essential,257.30612,-775.56714
utility,343.20578,193.46967,cergrrrjbm,963874
essential,162.14992,-215.89478
luxury,346.5558,-335.56232,7,hard
luxury,305.62732,222.32779,6,medium
utility,245.65002,-948.8568,dtozgqimkx,844086
utility,275.67593,-169.61761,usltpldlok,778799
luxury,332.36835,-864.06757,4,almost impossible
utility,243.47711,-1338.3215,tyeszhczdq,517046
essential,293.18964,-340.13232
essential,327.1067,-438.0291
utility,268.19684,-1351.8135,qqmptmpnne,907841
utility,225.6609,-1003.5288,ptafjqyecn,045292
essential,155.9122,-47.997345
luxury,257.39075,-1190.4753,7,almost impossible
utility,236.25647,-801.12427,zjpvvqvlaf,501480
utility,268.60757,427.77496,hbvlvvcchx,810054
luxury,335.27405,-94.70654,7,almost impossible
utility,328.37534,-1306.1274,xihoxvuhbj,670935
essential,265.48456,341.15588
utility,216.36555,-921.82294,eidcyqasyy,610219
essential,212.12207,-1083.5166
essential,317.77585,-1227.7147
luxury,351.76544,-313.43115,11,hard
utility,257.90018,446.91788,rcotzdofim,472200
essential,188.27818,-1578.802
utility,282.18176,-1231.5747,pbqgqamedh,215597
utility,201.34526,-680.4924,jauknoycuh,657141
utility,264.9011,-658.28015,esrdastokn,554922
luxury,299.3014,-226.52063,2,easy
utility,382.0069,-172.94165,jyqlzulcob,008027
utility,337.7749,273.01086,hprxjnbaoy,153535
essential,330.61395,-653.34705
utility,326.90875,-902.78156,niypgecyxm,465488
utility,376.83722,-946.6613,hlgxbicmqf,229496
luxury,290.91907,-866.35034,11,very hard
essential,194.84477,434.99442
utility,360.82837,-37.78076,tkgqzqvtcl,390518
luxury,285.68967,-100.007324,9,very hard
essential,227.10983,-1058.144
utility,346.26514,-159.77484,rqnyylddtj,113779
utility,333.29242,-453.63177,zmxxvzwwpr,648796
essential,211.71976,846.1055
utility,297.70316,-977.00653,kpjwtxtcdl,935087
utility,257.4677,591.28186,qsavbpcymf,129582
utility,238.8652,-1532.0748,eqooqolewf,640537
essential,318.35596,-524.9584
luxury,430.911,-1230.6696,9,medium
luxury,297.3897,-548.7711,8,medium
essential,165.0516,-37.917847
essential,266.86722,-142.88013
utility,217.91379,-142.14807,jlvaupevsr,850638
essential,222.48859,-1044.8116
luxury,426.51495,-566.78345,7,almost impossible
luxury,304.5203,-1065.3987,5,almost impossible
utility,254.55083,65.27411,enabepaoib,558843
utility,375.74377,-133.03705,mdggfbtfrn,405538
utility,353.70312,-539.16644,fldnpbbqnu,403331
utility,215.38289,403.18475,kxgqhysutu,310264
essential,270.49167,-924.62134
luxury,316.98315,-1224.6382,6,easy
utility,378.6223,-927.8483,biphulygro,570189
essential,234.75201,-240.29327
essential,261.5161,-1520.0642
utility,392.27863,-44.125137,xuqhvdqgyu,521465
utility,360.47726,-367.58948,pvcxrugbnw,198181
