utility,243.65201,-1257.4474,ufdnkmkknh,548738
utility,244.50389,-418.34406,gndgtzbsfa,839316
luxury,377.9624,-1577.2203,3,hard
essential,331.80664,-27.620056
utility,287.07037,-670.2999,iqgbqrjyrp,870616
essential,158.72897,-575.0842
utility,340.3367,-845.7614,dvdtpcvmbe,516607
utility,241.9887,-900.5677,fwivahdlwz,327395
essential,332.00598,385.02588
utility,371.10028,-168.08087,frgzzfjxvp,284520
essential,195.07112,46.55719
luxury,305.2505,-349.66724,1,almost impossible
utility,376.28705,-1262.2859,cvewoshjcl,858437
utility,302.22656,-1536.2032,beramkterw,972669
utility,202.60059,-1188.3157,diaymxdgxi,894321
luxury,293.20572,-61.215942,2,almost impossible
utility,311.0082,455.14322,wyzglegdxr,474543
essential,274.7248,-1443.0415
essential,179.78906,452.9738
utility,386.8023,261.66333,ojdgtjsbbc,044573
essential,270.10577,-976.94763
luxury,260.87585,-264.86652,9,very easy
essential,175.57991,-1255.1692
essential,240.76422,-1276.0074
utility,343.67166,17.854065,zjfbdtsurd,007102
essential,306.26703,52.267487
luxury,318.4655,-511.66174,7,very easy
essential,274.4147,151.034
utility,364.20343,278.00287,irihajvnfe,235186
utility,298.82535,384.12946,njqdzdgtdq,357610
essential,261.60825,-690.20105
luxury,310.09213,-704.7689,2,almost impossible
utility,323.5485,-1084.0642,qdhzlbrdzo,532102
utility,315.7173,-844.59314,lgvptiuaeb,233905
luxury,444.49243,73.609436,3,medium
utility,380.34857,-1209.2102,wzrvwpstha,732871
essential,295.93204,-273.71936
utility,378.61102,-193.29663,xbylybsfza,859663
utility,334.46655,-1081.0455,uixvlsqqpb,299407
essential,259.8272,-46.017273
luxury,252.8918,166.3736,2,hard
luxury,367.30313,-198.1016,7,very easy
utility,260.30115,-366.83948,bhbvtxzglk,196192
essential,159.43498,-415.68756
luxury,345.5838,-148.25589,3,very easy
essential,336.1504,143.34302
utility,244.32678,-351.146,chuiqzwezj,877613
luxury,402.27582,-1621.4226,3,almost impossible
luxury,387.9033,-989.74744,9,very easy
utility,315.58347,385.18167,zndwhubudh,079672
utility,202.77374,330.8426,elajludsbv,825337
utility,241.0205,-1819.5559,vhxbcklbmg,053230
essential,200.09534,314.694
essential,223.44568,-361.81067
luxury,354.91388,-52.21161,6,almost impossible
utility,324.59558,-941.8911,scjxrxnaot,032571
utility,268.36578,225.06934,nyetwpvgkv,516378
essential,346.94666,-247.93106
luxury,310.98615,485.15958,3,medium
luxury,300.4495,-236.30728,6,almost impossible
utility,253.22955,-504.71625,xjcbeplasu,396802
utility,341.68945,103.30557,clzztrevxy,272321
luxury,294.84644,-1308.8435,8,very hard
utility,310.375,-1231.1908,pqnfrxstnp,602611
essential,308.0476,152.9884
luxury,396.42288,-958.69824,9,almost impossible
luxury,419.4328,288.51404,2,very easy
utility,203.81265,-839.06964,rsuhiczxzy,585779
utility,383.16364,-180.48535,axzfgkwkmg,420569
luxury,330.94788,440.28275,9,easy
utility,201.0635,-175.2442,qfyytfpjev,230612
utility,380.83112,-1643.0586,kfdxebdefs,324389
essential,257.6926,-349.81165
essential,171.9726,-1770.7715
utility,389.5661,721.11914,insrdhtrpc,249870
essential,320.59326,-410.40955
utility,308.78152,-1503.8394,xhexuxshqy,493597
luxury,279.0479,-243.51227,5,almost impossible
luxury,355.72354,882.17487,1,almost impossible
luxury,345.78705,-1753.9539,11,almost impossible
utility,254.6274,-53.169495,vcgtcawmou,660552
essential,195.44182,-811.1059
utility,350.48288,-439.88702,rpdussvrku,476352
utility,352.23328,-1099.3198,qcpxhnnhng,759278
utility,301.0612,-450.0689,plalplfjdj,129107
utility,339.86328,220.28415,lmztsvpwfa,686740
utility,371.6076,-523.5708,hlhytenphm,504242
luxury,446.26202,33.4888,4,medium
utility,219.80443,163.6477,yspmuyytty,606167
utility,237.79968,-18.628784,qknservlce,249868
utility,378.30573,-1153.7849,ytirvmqcdx,697727
essential,163.50105,-31.060211
essential,251.39873,-809.27496
essential,335.26056,-93.46472
luxury,333.5139,450.46442,9,hard
utility,289.4643,21.670593,xmgrgmvtzw,986209
utility,387.40613,522.1698,hdjmrqkryp,341412
utility,379.0077,-213.20084,sztxmdlqud,791577
utility,228.94354,-539.19446,rfufterymd,616062
utility,224.48166,-153.71362,umvkshbdcp,763160
luxury,421.3149,780.04895,7,very easy
luxury,396.74646,-1281.5487,11,very easy
luxury,356.7807,-1088.7657,7,easy
utility,350.87387,-947.932,fjvwerammu,514510
luxury,257.62042,216.0198,11,very easy
luxury,283.25208,-1534.6846,4,almost impossible
essential,309.62964,-1540.4507
luxury,318.7114,152.03027,11,almost impossible
luxury,420.77222,-431.30304,6,very easy
utility,201.6124,-286.70908,zhligfkaeu,533759
essential,218.91817,-358.55438
luxury,390.469,398.1043,2,almost impossible
essential,321.93195,-246.3758
essential,250.18018,-375.95654
utility,368.68677,-410.5987,rujokijuuw,296679
utility,295.13123,-1346.1656,rwzneowtny,973475
utility,226.12668,-303.93262,vqjiruwvka,957695
luxury,362.80762,-164.73114,9,hard
luxury,447.94073,-547.7365,3,hard
essential,297.69452,180.85767
essential,334.859,-541.7828
essential,265.78244,-127.44797
essential,311.80832,53.4032
essential,207.82213,-1105.0022
utility,263.32828,-71.35205,zuwhecsfwx,084785
essential,247.78342,-938.2708
luxury,308.97678,-1661.0134,10,hard
utility,213.91516,-413.01868,bghixvgqsp,242787
utility,346.06525,-172.55951,gsjsqcbbmq,093611
essential,179.11482,-551.6475
luxury,258.69357,-936.58026,2,almost impossible
essential,174.36874,-91.88202
utility,352.22632,216.41551,ksvcsvblmx,893954
essential,261.91586,-570.83374
luxury,404.85193,18.926147,8,almost impossible
utility,310.53824,-937.8233,wlnxucdktx,546282
essential,332.04227,-817.5082
utility,269.76486,-988.47095,seldzchcrg,764084
utility,201.77896,-1259.6997,gnlzmurewn,260178
essential,348.7356,-1274.1466
essential,264.45282,-1679.2177
essential,193.32912,-791.65576
essential,285.94308,186.82831
essential,308.14294,-534.5883
essential,275.53317,-369.43634
essential,320.53967,-1051.6761
utility,346.7523,-1145.9796,sorqzanzrt,596630
luxury,274.30145,-184.57504,2,very easy
luxury,382.65332,-1198.3049,3,very easy
luxury,384.6848,575.1519,10,very easy
essential,314.9391,-647.7108
luxury,345.64728,647.36993,5,almost impossible
utility,266.36423,92.37861,ecctesbwms,444171
utility,206.16463,-667.8411,vssevkzjxv,473477
essential,301.3077,-879.7187
essential,179.94547,-893.29114
essential,326.46967,-399.0962
utility,356.40363,-1555.6292,tadlglfzzk,985542
utility,217.21574,-624.7006,mdskxukdyg,038433
utility,358.74786,188.87222,dnfiobvoes,254759
utility,201.10304,-1435.1213,bdihhmcptq,989722
utility,334.2207,-881.7092,qngkxywmri,029090
utility,203.59283,-989.50616,kqfniinulc,746647
utility,293.74155,-341.1821,umrrnnoyjt,501568
essential,204.48392,-1165.6283
luxury,438.30847,-1024.2001,11,medium
luxury,439.4228,-475.0719,7,medium
essential,236.65488,535.331
utility,213.4591,421.6717,ppifnrqenu,115841
utility,302.2318,-1189.6272,xzxsltvtdr,474209
essential,292.53174,46.928345
utility,335.0769,-1605.8452,bqwrlnzipx,817053
utility,273.57153,-1783.8397,syhacroyow,294381
utility,325.12497,-247.11017,yftqoifxfe,506296
essential,232.07507,-205.69998
essential,346.93616,667.43036
utility,310.35242,697.58716,aoortdonof,719183
utility,216.11662,300.5568,ggkopltopg,403589
utility,281.20895,651.4844,bsbjuaesfp,451856
utility,357.73743,617.64246,uytyetfgyx,456268
essential,199.14172,-759.8742
essential,297.23218,-1871.7759
utility,284.47137,-70.72424,qzkpesrgph,535155
utility,235.39027,-732.55334,xjcaeopbdj,149620
essential,300.0889,-700.6254
essential,281.2721,-376.5398
essential,232.95412,-360.98218
utility,352.89816,-259.36865,qnvisembjm,656255
essential,244.82141,321.04755
utility,277.13895,678.72595,dhteqcogvt,392638
utility,235.22552,-226.98059,xyircpvuzr,254262
essential,209.59033,-531.462
utility,228.36137,-440.1134,dzirzoazij,669513
utility,356.5171,234.21124,udltdoyrlw,709784
luxury,300.1087,-995.4082,6,very easy
essential,179.1391,-539.0271
luxury,391.27374,113.70567,7,very easy
essential,255.86795,44.049194
utility,309.70358,-273.86826,rjxcqibndr,836894
essential,324.17953,268.54163
utility,333.77338,584.2832,thqsoouxbu,905096
utility,250.73314,-1328.005,dwoihoqeoj,176339
luxury,341.4387,-1622.9843,2,almost impossible
utility,235.7481,-188.86455,sipmppzfpr,722241
essential,204.5909,-522.42236
utility,249.42776,-802.46985,pcsltefodo,454110
utility,308.05917,-882.3833,tfgtjwvmrr,650801
luxury,403.14868,-1505.0549,9,very easy
utility,210.17622,-418.18896,wyljxswloo,597280
utility,391.8192,-1580.0527,fqukpupbdo,405001
utility,307.77765,-488.45258,kswrnkubzj,518716
luxury,271.526,-540.99426,4,almost impossible
utility,219.4952,-939.2307,odeyangsra,126541
luxury,408.74744,-613.0165,2,very hard
luxury,446.31396,-939.3088,2,very easy
utility,371.58948,-1161.8654,mtjublrhhu,140007
luxury,434.98615,-54.714996,4,very hard
utility,206.01978,-269.97565,ypviauprrt,508021
essential,204.91772,-1151.3497
utility,378.18658,-980.4732,qehyyraipp,631042
essential,237.92505,-392.80838
utility,350.50558,-2.098381,zvquifqwck,521282
luxury,283.57913,-1131.1865,11,very easy
utility,305.47797,-266.00995,wmachlhqgi,676697
essential,240.74915,165.40836
utility,213.88414,-293.20563,llcjhzrivc,837999
utility,202.39413,-172.45132,nomokxvbhz,606952
essential,252.20203,-725.14136
utility,225.79074,-813.32855,ksgsqwnvvo,223332
essential,295.2723,-589.8794
essential,253.60016,-1324.8549
utility,292.81015,-191.47345,qrlxlavdii,628263
utility,298.37976,3.7797852,emgiionadj,852652
utility,235.74583,-306.66937,lcqkvodrmu,876276
essential,186.36227,-266.15115
utility,313.79376,401.95352,uozcyajssg,036474
utility,225.71439,73.32349,xpgihpkatp,972265
utility,248.30559,547.9828,harbugtpem,071609
utility,227.31812,-951.1607,yibreawdsh,785189
essential,295.6224,-127.44266
essential,291.8771,-143.4154
utility,315.35245,-1440.8442,gxqgtwidlo,959120
utility,260.91962,-1010.636,betgwnkqog,268925
essential,322.9173,-631.767
utility,398.7469,-1815.5033,hiwhqihtyl,272671
utility,254.6206,318.5571,tngqunysji,572933
utility,289.5359,237.98007,aktroygjff,956579
essential,196.82076,-1359.7344
essential,211.80545,-102.58026
utility,374.98373,-582.4489,mngowvlvwr,087543
utility,378.56384,-410.0138,gymppspdqu,622454
luxury,297.44403,493.1365,5,almost impossible
luxury,399.99844,-128.3768,5,almost impossible
essential,297.59976,-875.43555
luxury,416.4383,137.07022,8,almost impossible
utility,268.11038,834.08295,yboleudapu,548530
essential,246.19528,88.39078
utility,354.32632,-522.3006,orhhrdcmdf,516920
essential,334.29123,-1086.6614
luxury,268.95972,106.99994,5,almost impossible
essential,203.73653,-252.32819
utility,368.05316,-735.4513,cddyovkimz,136265
essential,298.47006,-1122.8396
utility,377.713,197.91266,wnjhsauynw,914477
essential,215.18808,-609.04504
utility,281.9648,-288.4148,xxuaoiprkp,984698
utility,301.5697,-511.0996,tgvzqymnfy,722448
luxury,306.51447,332.5861,2,easy
luxury,363.0406,-49.74292,3,very hard
essential,214.07428,-1585.5938
essential,196.4581,-1208.2345
luxury,306.1073,470.8469,3,easy
luxury,441.81128,-239.83685,5,very easy
essential,158.19933,55.326477
utility,286.56793,-123.2381,prlaoznyag,415228
essential,161.92397,-1493.9539
essential,245.95161,-335.74457
essential,285.34592,87.466064
utility,313.00015,61.04117,zjwzfbirad,917606
utility,259.73676,-406.40668,rdprpavxoz,893543
utility,393.6678,-494.9358,itsmuefeiz,509504
luxury,325.5339,851.04865,5,almost impossible
essential,298.565,-1102.4985
luxury,376.3851,369.4711,2,very hard
luxury,414.56793,-1117.4734,5,easy
utility,388.28137,888.73114,zgmwqktgmz,073270
luxury,265.76538,-1352.6373,8,very hard
essential,321.73724,-251.43875
essential,226.12784,-996.84595
essential,237.45636,-563.70337
utility,340.9755,-759.0376,mgapgjeuyg,461988
essential,204.71132,-355.46075
utility,300.37274,-497.53583,praslvqero,549743
essential,240.04208,-1332.7927
utility,276.00558,502.18665,evmlancwbt,784428
utility,255.26057,419.24353,tqckaxyrce,255638
essential,275.6838,178.11325
utility,223.84482,59.00586,saolczcvwc,152812
essential,162.93997,-705.94727
essential,309.61707,-1200.4994
utility,222.59827,68.59934,ddhyepffpi,055683
utility,261.66888,-789.6564,mysiljnalc,847430
utility,383.00235,-869.1315,ecbppqwimr,898983
utility,369.1707,-952.0119,iiotkbrnth,116818
luxury,417.0699,-297.42615,3,very easy
utility,356.35947,-215.74591,brxetovivc,007124
luxury,417.7163,343.75476,11,hard
utility,256.66968,334.75995,lsqdztaqhx,658383
luxury,446.2549,-306.49536,5,almost impossible
utility,301.3434,352.35266,nupzjyahpc,421398
utility,299.19217,-83.70048,rehmiebqry,133008
utility,268.49078,-1429.23,oahhoaxyqs,362033
luxury,265.03076,225.09204,5,easy
utility,371.33917,204.10687,cjftbxhqzq,360468
utility,270.09833,-903.70654,tqaudntpzh,497379
essential,234.96915,209.35298
luxury,360.84882,166.46039,9,very hard
essential,264.87738,-959.54376
utility,280.40216,-167.23865,hekflmrwbo,461153
utility,210.32451,-277.59033,cxkyqluciz,977557
essential,324.22192,-431.1255
utility,363.5348,-1102.6388,znkjtskwae,662919
essential,162.42673,-240.11714
utility,380.6881,102.09311,hdzehbzrku,633782
essential,177.55222,-928.67474
essential,246.5903,546.6988
essential,212.12529,-76.51114
luxury,399.85376,-238.42395,11,medium
utility,267.38263,514.4712,zsadqoqgvk,765195
utility,240.9255,255.7027,hyxyzrptti,250245
utility,267.80878,454.86728,avqyrmuwcg,614021
essential,327.7328,-470.4643
essential,173.00565,-705.5318
utility,335.38525,-923.83386,rhiqiegsrv,321228
essential,272.57977,-274.90387
luxury,325.33313,-1267.6097,1,almost impossible
utility,390.9993,125.5564,jjchvtwrfs,899086
luxury,430.16138,727.6898,10,very easy
utility,344.95074,-613.28656,mhhnwfohpu,155789
utility,393.01175,-1136.6454,elozyveilz,084237
utility,295.046,-367.24152,gygqgnapcw,641114
utility,208.74838,-1095.8962,iezeqshmbn,178837
utility,356.1809,-93.691956,bbuvayfajm,109496
essential,293.25305,-1822.3438
essential,322.3869,-253.61041
utility,201.78993,-240.07599,wpkqgvqjkd,795583
essential,158.22125,-989.44904
utility,228.48785,411.323,nxtcyzpyeo,662287
essential,270.33832,-859.43494
essential,297.97983,-536.00073
luxury,310.92224,-683.47656,5,easy
essential,260.02893,446.94437
utility,299.7963,127.8331,abddikmerf,674678
luxury,269.69907,444.00125,11,almost impossible
utility,374.0019,-971.09717,biizycqreg,199874
utility,245.59964,543.88776,dlgwjurrdq,800036
luxury,287.01898,-1448.1029,1,hard
utility,216.46483,-841.24084,odsofwtfpl,869906
essential,327.24493,122.94562
luxury,256.2074,-1239.4698,10,hard
utility,391.96588,-390.04044,mtylvfymfc,835832
utility,375.07675,-725.16766,rhhszxorvz,561645
essential,297.5099,659.77795
utility,239.2873,-182.33575,oakrdtmqqt,031233
utility,323.93198,-1614.4111,gkvzinahma,187405
essential,194.74835,40.138123
utility,305.81686,-1101.7587,fgjwjfyqvq,452933
essential,295.27698,-330.11597
essential,284.62357,387.5063
essential,219.58879,-1277.1274
luxury,321.10635,-860.5969,6,medium
luxury,333.40247,-702.6385,4,easy
essential,275.9848,-1765.7062
utility,285.39493,-16.347656,lbafwtlyvx,218760
essential,169.96518,-392.14056
utility,268.8739,-851.98846,zcryiekior,305695
utility,289.5147,-1495.4343,rkqaxxaxev,601293
essential,272.06317,-1418.2207
utility,371.27142,246.53888,mrhbkyzxtj,131189
luxury,442.03018,-1234.845,4,medium
essential,229.77371,-789.2891
utility,373.37213,-1354.6836,vwgmddqpjc,259888
luxury,315.10367,329.8277,2,almost impossible
utility,224.7287,-93.73309,dnxgqgcewn,962734
luxury,371.25314,-280.59796,9,almost impossible
utility,303.21204,-1320.6959,iuqxmfntkx,326422
essential,171.02821,-842.93286
luxury,388.32343,1000.68616,10,very hard
utility,352.984,-929.7778,utsocceyrl,445324
utility,395.38568,-684.037,djmwkszpsu,453884
essential,306.08807,24.888214
essential,183.41989,421.19647
utility,237.92068,-407.56628,mphtemgtbx,440790
utility,201.76186,186.04605,oyyakzwkdf,071665
utility,346.7693,-150.66791,yqnakaqwtv,691645
utility,361.68134,-931.08057,wjtsichlaj,079557
essential,283.65118,-691.2449
utility,341.07275,-231.18292,vkiebpywvk,630644
essential,154.6976,-121.4212
utility,385.35895,-1124.5165,yfppossbkt,684214
luxury,296.79895,-87.48151,10,very easy
utility,363.75024,-246.97943,lpxczumote,517172
essential,164.66866,-555.4047
utility,233.10876,416.64532,jmvfmywdml,396480
utility,254.07578,5.4003906,lgbkigcypc,717409
essential,240.2437,149.27484
utility,371.9207,-957.6683,ebryhjemue,724621
utility,391.46692,-1112.3523,ywolqgromq,699688
essential,225.57062,297.19696
utility,265.03088,-458.53583,xjrdeduazv,848248
essential,220.63156,145.43124
essential,233.92155,100.742096
utility,364.5603,-951.5556,mywbwbdntu,583012
essential,157.6026,-1206.1562
utility,251.67392,-133.07428,zapiadssuj,509085
luxury,283.1289,-962.4656,6,easy
luxury,400.03772,-796.22,6,very hard
essential,196.11533,-205.43353
essential,248.22638,-1401.9492
utility,359.04852,-887.7267,imcbbmjmhv,557614
utility,346.71606,-1477.6575,bqlgcblmct,750583
utility,389.0718,-402.51154,oavnphzais,577247
utility,325.00488,-197.70001,bekcrccaea,395647
essential,287.13104,-1200.1061
essential,237.33578,-225.32635
essential,159.53497,193.74359
utility,366.44443,386.9334,lojjuzmriq,191878
luxury,434.541,358.7414,8,medium
luxury,268.7203,-985.754,1,almost impossible
utility,217.13045,-1212.2983,xmifdqfghx,547697
utility,327.10022,671.9343,xzuvkltbfu,964483
utility,343.4486,-804.23035,yoprrlpkzu,236196
luxury,333.94153,69.4037,4,very easy
essential,238.6868,-216.91815
essential,162.25595,-1726.502
essential,221.76314,342.16583
utility,374.3966,-1262.1272,uqoxdxczhe,990955
luxury,323.5145,-1011.95874,11,medium
utility,325.16254,-5.246155,qfhefxsmnd,778591
utility,377.00183,-681.78625,khctjjjyrz,820784
essential,225.10062,410.3462
utility,260.72308,-160.2818,ostkfmnepp,723931
essential,309.54712,-421.7591
essential,322.03717,-507.66663
utility,224.55415,-117.86871,aduhadcijw,510739
utility,363.98608,-728.5985,fpjtllrxkd,682942
luxury,261.7339,-779.8877,6,very easy
utility,364.09747,-1538.2487,oyaxskabmt,776293
essential,191.66928,-909.5335
essential,176.46619,-127.57861
utility,390.48947,388.3777,ognybhjymi,159475
essential,252.61339,-776.0921
luxury,372.73196,-76.28406,3,very hard
essential,282.5155,-563.4791
utility,359.13635,-726.3266,gjfkvgwvwl,143494
essential,287.1792,-1343.9266
essential,343.1897,-1402.4862
essential,241.75464,-395.78268
utility,345.4752,-691.89,lghfrwrpox,538995
utility,343.31464,-305.28726,qlklcsavlr,262870
utility,365.80646,169.80737,rcyfypmklu,526904
luxury,355.4525,453.8365,10,medium
utility,268.4852,397.02863,cuwkpvevam,182722
utility,392.07373,-1039.8635,hiprunirjt,964778
utility,307.9414,-522.19946,ysrxmcjiul,674884
essential,157.077,-1054.7034
luxury,347.89072,-345.08582,3,very easy
utility,387.48376,-1645.0854,sfouupsvdf,658277
utility,385.12524,-256.15002,orzatnmifh,961792
luxury,378.58203,117.99985,9,hard
luxury,296.78015,-126.39636,3,almost impossible
utility,279.39584,-1068.1956,mdnytnjtlh,885369
essential,306.68994,-435.11078
luxury,280.527,-1119.7507,1,almost impossible
essential,253.72241,-1229.0071
essential,292.1099,-715.77686
utility,358.01263,45.307617,dtqzxpxrwr,853861
essential,335.21924,-938.9644
utility,325.26416,-1011.9055,urwcooevgf,223339
utility,328.12476,-1622.611,wlfvdyeaol,339067
luxury,400.00702,-20.10321,1,hard
utility,378.26416,-109.31842,armrcjdpiw,065533
essential,155.70241,469.10565
utility,276.38248,-350.57916,fjmyzlorxg,569258
luxury,324.41254,-33.733948,7,almost impossible
utility,211.70409,-117.50903,fszgtxgoxb,985452
utility,315.03427,135.71295,ruqlbzwqms,560826
utility,242.14915,413.4249,noelkpdiwi,282194
luxury,416.76947,-286.71097,9,almost impossible
utility,211.25499,716.91046,zwsjaxqfck,197572
luxury,364.25793,-801.8028,6,easy
essential,340.85754,-369.38068
utility,211.12798,-695.6116,njvlpfweyn,528621
utility,239.14937,2.9941406,bolezwejyw,066399
essential,313.15924,-455.49707
luxury,349.55096,-721.09436,7,hard
utility,340.05643,-735.64044,wzkpytfnnj,850807
essential,278.7806,-49.247437
essential,177.01913,-138.331
utility,366.0072,-886.8339,gybjwqmles,736345
essential,242.76718,-7.5443115
essential,329.83984,-786.20026
essential,297.11057,-981.82404
utility,349.48087,388.33026,wdoqippbuu,809338
essential,299.57202,-492.6729
utility,251.20818,-250.77509,kcvbjewzko,798558
essential,213.2609,-527.2455
utility,333.89636,-855.2795,parhmxamtf,424621
essential,219.81897,-993.9894
utility,379.33795,-440.20526,clexawujjt,637663
luxury,408.45227,-1012.42004,7,easy
essential,155.04277,-1171.0555
utility,288.4015,808.38965,rnincdyawl,016233
luxury,371.2563,-1190.3779,2,easy
essential,277.49127,157.53903
luxury,399.84546,77.11362,8,easy
luxury,321.61676,-257.76526,8,very easy
utility,249.33952,324.2469,cgnyutbiyk,596105
utility,262.03165,260.03528,dcxlagmeac,164882
utility,236.52246,-392.77625,bjmlvhwjri,206191
utility,306.4869,-175.85445,gsrhumzruk,915861
utility,230.5259,880.1511,vbcpeigclq,749912
essential,189.49088,-1452.2501
luxury,328.0119,333.38666,5,almost impossible
essential,335.33914,-0.2409668
essential,320.5359,-720.8734
utility,307.30237,-1136.7487,kzuiqfvive,623135
essential,211.93436,-756.7389
essential,308.27908,-112.05655
utility,377.68488,266.45367,iotjapylue,196032
utility,253.88814,-209.73466,cmouvkojsi,355488
essential,324.52203,-266.09583
utility,355.41663,-686.2387,zvzbtytawp,798224
luxury,255.27011,395.8448,4,very hard
essential,313.87164,87.26337
essential,294.2638,-311.29114
utility,265.09467,386.4118,pdzlglzifx,891097
luxury,294.2611,-676.6563,5,almost impossible
luxury,397.76465,-224.96808,5,almost impossible
utility,333.0513,-1179.1423,hrxrbsnygi,597437
essential,290.0146,-314.4525
utility,372.95087,-847.75476,qwfktuclzh,845818
essential,246.92767,-319.7049
essential,171.1123,-481.57352
utility,341.19788,-1473.0073,rzuhbftqqk,293414
utility,225.25182,556.5228,steuhvirmo,141571
utility,318.13257,334.84848,criykbobun,050318
essential,175.88333,-1494.9238
luxury,328.85767,394.40057,4,almost impossible
luxury,415.53815,88.48648,1,easy
essential,250.77013,-426.15833
utility,274.85242,722.5253,ocphsvfxel,272860
utility,201.17424,351.05737,gwfwyfbcbz,465154
utility,204.9059,-651.97833,vskcfoacnh,155699
utility,396.65393,934.4455,qujnczquvh,206714
utility,311.30286,-667.5961,vdijnuwttg,067187
essential,243.70218,1.886795
essential,297.01535,-189.2793
essential,198.28398,-419.02286
luxury,284.84668,-1677.0284,5,almost impossible
utility,286.87012,69.83066,pmnzorsjmy,510446
utility,278.73724,-620.796,waathewqxf,424217
utility,287.28848,-1012.2401,zbcbafihdk,840175
essential,157.821,-193.56232
essential,299.67377,-1169.9445
luxury,353.24316,-1041.4109,5,hard
essential,233.12837,-985.786
luxury,319.03253,112.87463,11,hard
luxury,298.29654,91.98425,3,very hard
utility,238.52644,355.55093,hedfhpzhau,895674
utility,383.89,-584.92804,ftzfbmrtub,651396
luxury,261.35263,-736.45325,3,medium
luxury,304.6507,-1378.6603,1,very hard
utility,308.14374,-1183.3058,vwajxayyjg,517450
utility,319.91495,614.0931,skwkaxcgyz,446810
essential,222.46097,333.6313
utility,251.75916,-697.8699,fykdokqind,447754
utility,351.9465,-1386.884,ynyalprmoh,837847
luxury,440.43402,-131.85919,8,almost impossible
essential,193.78653,-884.50323
utility,376.01794,-177.8728,wnnqnzxhhn,833508
luxury,333.2813,-899.55396,6,almost impossible
essential,319.6085,89.47258
utility,351.6446,-889.6163,tqxaackwma,077656
utility,203.58525,101.08496,nxeppzetiv,719719
utility,255.58034,-1122.7108,gqzartflil,792596
utility,374.1771,415.32953,arzibgzapc,190517
essential,242.37355,-301.27185
utility,227.43275,101.032684,dsvipwmhag,955158
essential,339.104,-42.665665
essential,338.95447,-1332.0197
essential,235.02655,-311.0736
utility,287.994,-907.8737,dnvbuxmree,569165
luxury,418.7746,-206.01392,6,hard
utility,306.85144,-548.3367,bcafjmsjvc,962155
essential,162.24911,418.0921
utility,391.16522,-1245.9437,tauznnjzxu,965298
utility,324.6125,-284.78247,qgpgodcgjn,673225
utility,280.99512,-959.8727,cweesrubvh,830658
utility,362.164,543.65485,nvuomdolkz,375810
utility,271.57617,-307.57153,rxinmxeprf,175798
utility,275.99036,-1266.6333,kqacxevvue,748903
utility,246.19589,-119.62482,roujsnxyih,473553
utility,294.02655,-1158.8142,qjveewedir,565100
essential,268.4738,817.2388
utility,266.75366,582.20404,obediwukvx,118704
luxury,258.50867,163.68567,1,almost impossible
essential,250.20325,-162.948
utility,330.9049,-405.18164,moenyaoyii,015676
utility,389.70486,-1141.1245,pdmeiejtov,891059
luxury,334.2133,-191.86273,1,medium
luxury,412.54755,-681.18805,2,almost impossible
utility,374.78433,-1416.5929,tgvqcpsfad,320946
luxury,383.79294,-1003.6935,9,almost impossible
utility,345.69873,-145.26154,hrjnheqpwb,587564
luxury,401.41888,-286.26935,9,almost impossible
utility,346.6435,-1511.3956,eofgdqhlpi,147196
luxury,395.53992,-1150.0269,1,easy
utility,344.77094,-760.5552,qkenliufdm,149644
luxury,364.03186,-140.83936,8,easy
essential,194.45776,-560.77673
essential,305.23932,-1754.0898
utility,315.49658,-1575.395,rbsmspfhnv,808015
utility,381.5951,128.7508,ouhsuboorf,911790
utility,362.10657,-1006.2822,voljibfqby,600992
utility,307.44934,-485.3606,divkhfwltw,551033
essential,196.9558,-352.43225
utility,394.5269,742.3569,mebwhfozhx,361795
utility,378.68842,-150.2085,bbaekvhglm,563950
essential,252.50043,-114.46747
utility,389.0773,-1175.313,kprdtzbzze,261649
essential,196.21384,-1111.9309
essential,243.10754,-221.1878
luxury,346.80786,-273.39685,5,easy
utility,336.42902,583.2323,hubgkdfegq,034185
essential,264.56006,-230.02167
luxury,343.69922,-216.6196,1,medium
essential,193.486,504.6182
utility,259.47644,201.49579,lwcnckiohy,824932
utility,298.30774,-644.6324,uablmelxfa,877434
essential,231.51804,-1397.3954
utility,320.41663,55.149963,ziwuhecfjt,193745
utility,328.71188,709.54895,zqbqrnlyws,405955
luxury,319.21976,-1219.0197,5,easy
utility,356.49963,502.8201,vstuduimny,994073
essential,331.70782,-54.0737
essential,318.86697,-1106.2924
luxury,251.4411,-1229.6426,5,very easy
utility,397.17188,-653.7672,wiincvgstb,816604
utility,222.15396,-1601.2356,fahouvehao,877721
luxury,424.39725,-419.3345,11,almost impossible
utility,310.5285,240.9774,yyhyegqepj,815540
utility,367.70123,-857.65515,rdoqvtclzg,571395
utility,207.02274,763.72815,mbfnkpvzzx,604254
utility,260.1112,-1272.2827,pqmosudyoi,105224
utility,380.79633,-870.2416,efputgxzng,791661
essential,177.05713,-603.485
essential,176.23125,-126.72049
luxury,279.18506,-798.69006,9,very easy
utility,303.0597,-1016.9064,vfmujxfvhc,779066
essential,222.39198,-957.1001
luxury,420.11353,-660.4573,4,almost impossible
utility,226.91747,-1024.8536,wxiiszlmmi,269597
essential,278.62817,48.40869
essential,225.35492,-1268.1056
utility,284.58847,-1055.8171,jnjdicekgu,972320
utility,385.2401,-853.6001,mpjizudmwa,894079
luxury,264.40933,-545.70294,5,medium
utility,290.97272,-693.6202,wahmwphpdk,323449
utility,276.7102,-452.98584,uyriqqgaxj,702334
essential,258.36612,-563.4769
essential,268.11145,691.96924
utility,294.40326,121.394684,anwxzmsolx,716929
utility,294.69687,355.34955,aamrojnmse,863986
essential,299.93475,-1061.4573
luxury,312.95047,-1006.54785,4,almost impossible
utility,316.55554,484.66888,sjcibjnjax,350262
luxury,440.06848,-286.93842,3,almost impossible
luxury,425.79028,-125.84784,1,very hard
utility,295.41006,54.60328,xdjgeghmgh,086539
utility,251.65366,392.48785,ydxsnwsbow,722653
utility,220.92926,849.02905,weodcakqgn,579003
utility,256.23666,-220.83862,dipbppdfyc,235826
essential,173.93924,304.31442
essential,296.5586,-1319.471
essential,257.0534,-432.9865
utility,312.2491,-1213.4916,sjfqxdmamu,903438
utility,294.7529,81.21649,xendryxzgv,302349
utility,224.34805,-102.63043,kbkomnnmxt,137550
utility,299.50232,-1448.051,bqyqavjeck,500037
utility,284.57904,194.34412,fqdkwlwmci,946397
utility,385.32056,57.3132,zpcvjmgmjd,191036
utility,284.01105,-329.63394,gofxgbwfgx,682800
utility,361.0954,-752.3607,tpooqfjyrb,018369
utility,338.12646,784.104,tdnstalmlr,038763
essential,347.9538,-983.0164
essential,314.44653,232.5471
utility,346.28363,82.87128,qgtwesxale,166829
essential,155.05417,-56.31134
utility,232.16374,-668.9038,mpzvcmuhtx,808177
essential,154.58801,-662.0242
essential,326.91687,-534.5801
essential,330.80966,596.69977
essential,339.26892,333.26645
utility,241.40529,-613.5154,gtskwbxovw,046235
luxury,392.19162,-1495.4668,9,very easy
utility,236.1383,-18.10205,zrhvvkhmhv,084081
utility,389.11505,-891.9607,nrhfyvisnb,292847
essential,259.03763,-721.34204
essential,174.24995,-220.67511
utility,356.80426,404.4182,utqyxlfwcj,012085
utility,285.75732,-347.86145,ndmdrqrozi,675333
essential,338.13666,-490.50577
essential,288.62225,-1557.2947
luxury,356.98627,-351.54764,7,very easy
utility,258.24646,-762.79834,uoguuolunz,290921
essential,276.49924,-228.88455
essential,187.8652,-1016.8756
utility,212.7066,-413.4466,ddqekifwyw,544122
utility,359.85104,-1624.5952,piemkefpdv,171017
utility,290.3583,-1274.0203,ekfkpttric,653239
essential,324.9981,345.58276
essential,240.21838,938.9728
utility,200.34166,-1046.4637,zhsgtbgbsz,763939
utility,380.4139,-1069.2112,mwtvwgakkf,839331
luxury,264.768,-597.4991,11,very hard
essential,269.4491,-1522.4437
luxury,427.5628,275.37497,1,very easy
utility,248.82065,-581.7173,nscufnhizy,507532
utility,289.83917,-312.78992,ncjgykrxcx,375378
utility,296.82715,-441.16595,qxkofiudvs,199668
utility,255.69475,5.618225,gminwafykd,051799
utility,371.27206,-1047.0322,uevckpcryc,276794
essential,174.113,-327.63586
utility,352.74432,-1219.1489,kkjepfgaiv,932559
essential,300.66257,-338.47314
essential,183.06409,-625.6877
utility,201.64684,-180.4021,rgfladstgx,843145
luxury,256.42633,549.96387,1,almost impossible
essential,310.84814,87.49373
utility,256.5828,338.4858,tnzrctzxdm,318820
essential,230.00685,-958.93713
essential,210.04402,-1023.23126
utility,317.45117,9.180908,eshelbmcyk,312203
essential,245.08061,-25.30194
utility,246.68954,-322.49594,ihcfptcrig,841064
essential,237.92055,-377.26178
utility,287.48926,184.38304,zojhitsatq,095321
essential,336.037,-341.73895
essential,321.2375,-371.75696
utility,261.74207,-1115.3206,nytvjqcfgf,481900
utility,368.34216,-112.68976,mscnverbyo,338524
essential,296.83783,-1235.9902
utility,375.30786,-1670.3148,fzmpdafpjn,661633
utility,212.09293,-1187.1844,ktdjkdrnol,100949
essential,250.62732,339.9557
essential,244.10306,275.0904
essential,171.28047,-238.2186
luxury,348.81677,-252.44214,10,easy
utility,209.00233,-845.3563,wnyydlyuok,266754
luxury,374.7638,-942.32263,10,almost impossible
luxury,275.4908,-747.107,8,very hard
utility,319.88828,-346.14142,movygnhkoi,432376
luxury,294.57858,-531.3846,2,hard
essential,278.72937,-380.6492
essential,273.36444,-938.3392
essential,306.38385,-406.15015
essential,341.90823,-184.30563
utility,384.8529,475.99225,rajiguesjj,491845
utility,267.33826,13.204437,zomkcuukaa,385949
utility,306.74927,-759.90674,faecjroegv,763812
essential,276.88184,-920.7804
essential,342.9138,-1853.7
luxury,275.3659,-1200.7229,6,very easy
utility,351.0777,-30.263962,gmtarmidjx,253641
luxury,358.50098,-517.41223,3,very easy
utility,287.01813,-238.44104,yputnmalse,472591
utility,289.03003,-1007.26807,ieoozusyls,745545
utility,263.23358,-158.62196,vpcdnjtfhg,643040
luxury,315.12924,-1345.0951,3,hard
utility,230.45798,-407.52136,nrblfllgjm,315170
utility,279.71603,61.75537,exhftnglom,138147
essential,183.71951,480.77487
utility,320.119,-844.2048,nbhcgpmvpt,084691
essential,332.7306,603.20795
luxury,282.05817,-578.4374,2,very easy
essential,258.63397,332.28674
luxury,296.6151,125.373825,2,very hard
essential,309.97308,590.969
utility,204.12538,-1161.5546,gpszfeybxf,115488
utility,215.74928,-28.679565,wsjkyiwgha,251202
essential,218.2839,-759.70795
utility,234.47667,-85.539825,cupxyyxzjn,517735
essential,290.92444,-1148.0796
luxury,376.7922,-1559.459,2,almost impossible
utility,243.69513,269.33054,zrzzjvcmhn,928505
luxury,263.3767,-1515.9072,11,hard
luxury,260.945,-322.90747,6,almost impossible
essential,241.4363,-384.68787
essential,156.56569,-1007.28235
utility,285.5892,-281.4391,wmyfoiwgpg,307803
essential,244.23694,-1399.5388
luxury,424.26178,45.664536,10,very hard
essential,239.92255,-633.6161
essential,197.18478,-1662.7534
luxury,311.00864,-1514.0883,2,almost impossible
utility,244.39166,-33.279724,vqjxhmxkte,276157
essential,259.7212,906.6866
utility,372.7702,-1287.8591,zqszizygdt,403016
essential,172.98737,-986.2244
utility,224.35092,-1208.5774,fjdmiwcjcw,474953
utility,297.33356,315.07214,tcysthhdqf,685564
utility,276.10178,-951.86707,yyyzfzpzzi,144980
utility,399.81238,-1758.3,meygcvohrd,950351
essential,241.18896,-1276.4309
essential,277.7347,-956.8179
essential,159.21771,-1411.7217
essential,195.65457,-50.383698
essential,251.51178,-1022.7261
luxury,338.83655,-1365.16,2,almost impossible
essential,159.37259,-1007.475
utility,336.6286,-258.0022,ntswfoesdp,080475
essential,252.67224,206.58823
essential,299.42673,-1004.3519
luxury,309.92148,120.6749,11,very easy
essential,264.66873,-1116.5109
essential,211.1934,86.47107
essential,170.97318,-1488.5841
luxury,363.76453,-302.53152,8,very easy
utility,356.4138,276.00375,rzvlsifzkz,161813
essential,267.40225,-1063.6187
essential,242.34683,-901.2737
essential,323.03778,-500.81442
utility,336.6759,-1025.5339,qwfwmxmkdb,352211
utility,213.19781,-14.790527,wsfiifjxxv,259265
utility,344.03442,545.6293,aqxqqsztmk,272652
utility,234.19499,606.3683,xybjpsnviv,140645
essential,213.00206,-949.36005
essential,171.88167,-1272.5906
utility,342.13013,-74.85321,doirtvooqa,776336
essential,230.58731,-909.99695
essential,317.4702,-947.20703
essential,257.27072,550.2828
essential,197.35033,-326.57742
utility,311.46082,297.7428,yfndzqgsks,401726
luxury,425.0924,-499.5625,2,very easy
luxury,272.1315,168.61234,6,very easy
essential,281.8543,10.248657
essential,186.93683,-502.42328
utility,300.21506,-1562.7045,biknuvwclk,146270
utility,266.96625,317.10196,rlczuugfiy,305136
utility,388.0586,-1336.7644,sesjcvhtlq,115077
utility,350.90146,105.876205,tjyfzmfwca,988717
utility,362.60837,-1097.9391,voelxgqirx,692793
utility,263.52957,-470.9964,vakgxlgnwk,115033
utility,231.03409,-1070.3057,fkkvetrlpx,803347
utility,315.77667,-540.95996,mrxavleepe,473905
essential,264.66156,-114.44672
luxury,445.04474,-62.11313,7,almost impossible
essential,238.18604,-343.8766
luxury,350.80563,457.10712,11,almost impossible
utility,321.0154,-159.63092,qreqqklzhy,213379
essential,326.8295,-242.00891
utility,271.75873,-782.86945,qqbvbdaavy,595338
essential,331.38947,-251.68842
essential,261.58807,-1145.0171
utility,301.38083,-1299.8124,qpelrhmfut,156513
utility,385.5802,55.950222,iyrukmxmnv,326238
essential,228.03818,462.69315
utility,207.46762,-90.019104,hgdyqyqfjd,465740
luxury,362.63928,-884.9858,10,easy
essential,231.99115,117.935455
utility,358.41403,-52.462402,hitrlmjvyp,751665
essential,169.0225,-994.5608
luxury,365.86667,-1625.1855,6,almost impossible
utility,208.2867,-465.87762,czukymzupy,789845
essential,173.16362,-103.203186
utility,216.96063,293.90613,wmpzrrxkpb,709570
utility,230.21219,742.9955,tnxkvbqhop,461883
essential,324.39764,-1452.815
luxury,276.4057,-1134.4097,4,very easy
utility,271.49634,-230.7143,ljwvcfosdx,049990
essential,276.52274,-1044.8463
essential,154.36504,-812.53815
essential,233.35666,-828.0895
essential,157.89111,697.55994
essential,189.27913,-750.502
utility,372.4168,-297.74603,qyokyloywz,091719
utility,200.8597,-971.272,xrnioluvcs,855597
utility,303.3427,-15.302124,agibwslyqs,711069
utility,308.19226,-784.58246,xascsdywio,202749
utility,368.91998,-1193.5776,wmmqilkyip,401790
luxury,360.13223,-1075.0168,4,easy
utility,338.62943,-1428.3604,mzbnpsmxzu,529308
essential,193.80995,485.1996
utility,245.98747,-1192.1044,mymrfkaanx,710967
essential,200.6607,-700.44556
utility,244.32372,-557.3602,wutsdntxkm,603158
utility,202.76353,163.84833,upjjsqzuef,442464
essential,311.71295,-1476.6553
luxury,370.12134,19.963074,2,almost impossible
essential,314.7083,362.29758
utility,334.83832,-506.10803,aaqrhjsqkj,399756
utility,309.89798,-220.63824,bghmvbiyqg,138538
essential,255.57343,319.2761
utility,235.73195,-1150.6213,czpenjazeu,075453
luxury,259.36053,-635.139,2,almost impossible
utility,233.22821,-1000.64526,uqehkmkrrn,126577
utility,219.97415,334.79346,qcbohwfqtq,717695
utility,315.7291,538.8711,anybnobopz,736529
utility,227.29001,209.90169,ftgsccyvsl,240384
essential,268.18735,-1322.3164
utility,350.13293,-200.92876,fqzpdcdotu,636465
luxury,285.49182,-983.69446,2,hard
essential,246.73096,-384.79407
essential,241.00465,-924.4757
essential,175.0228,-1802.9797
utility,233.54141,-428.7452,telgbcilcj,389549
utility,371.73096,-245.93259,cipaguegwl,925403
luxury,261.07803,-1424.8406,5,almost impossible
utility,330.94397,-1408.2598,aulwdyanoe,279704
luxury,405.8092,-1055.5903,4,very easy
luxury,408.93835,-929.42285,7,medium
utility,365.61713,44.276245,ciolkmkpsi,440236
utility,380.08807,389.45728,apkymbiaag,719972
luxury,424.3269,-796.4727,9,hard
essential,219.24939,-1262.7452
utility,390.76318,14.261253,tymwbdfals,540969
essential,208.72165,267.72296
utility,209.84587,260.60834,wrcwsfpdsp,195450
utility,228.07074,-680.9763,xoeiamhjhq,686643
essential,183.49503,524.6576
luxury,361.72205,-1261.9747,3,very easy
essential,153.73094,-1068.0983
utility,262.5682,-574.5091,xikcgofnhs,555337
utility,252.27007,-118.1593,hvnbaiuzpr,775791
luxury,446.6147,177.1664,8,very easy
utility,328.44864,-1686.1595,oqethrvgbx,333432
luxury,309.37015,-1360.491,8,easy
essential,168.4649,-1326.5896
essential,187.92322,-1329.4979
essential,288.11108,-456.8709
essential,255.58948,-141.70929
utility,351.22302,-520.70544,nfgjswvvbp,801792
essential,262.67108,-516.7304
essential,307.92365,322.27307
essential,331.37396,248.7656
utility,330.48065,-69.100266,kfusgwumwr,740759
utility,202.85118,-285.75525,oyuomhwjyo,564599
utility,217.73935,-1330.4376,nhtfjjybye,192939
luxury,295.06732,204.10522,5,very easy
essential,179.10507,-1084.2959
luxury,355.59586,-386.83582,10,very easy
utility,347.8238,-406.7126,tvkuiwrpnp,617126
luxury,315.39835,626.1346,3,hard
utility,378.94006,-528.78406,gzpwzuoygg,044898
essential,222.20404,-1611.2704
essential,248.10608,-603.2582
essential,318.79694,-67.73544
utility,286.1808,-315.91428,kntcizqpmb,609547
utility,244.44257,-1285.0298,bwlqywsjvq,688850
utility,371.71198,-1002.1382,sfgvicybdc,331496
utility,244.27916,-1280.1011,uawrayuyji,808284
luxury,445.80844,-702.8507,4,hard
luxury,267.10583,-501.5573,1,very hard
luxury,315.7741,-1171.767,9,very easy
essential,159.47621,-875.7241
essential,207.19937,-793.6075
utility,326.82874,-841.59375,takeyxhyre,045950
essential,188.82301,-492.34973
essential,267.35263,-1487.3029
essential,164.74176,518.94995
luxury,302.82632,-503.7115,11,very easy
utility,396.74774,-1124.4785,fyllwvoegs,132731
utility,255.34242,446.22412,hdaghdfftf,934391
luxury,382.167,197.5542,7,almost impossible
utility,248.06096,-1890.9259,mgvbzchgwj,960940
essential,302.89014,-349.55664
essential,294.01892,336.4674
luxury,448.00903,-777.23914,10,easy
essential,295.57397,-476.0578
essential,155.85391,-63.224487
luxury,343.94562,277.9266,11,easy
utility,210.05405,-862.0694,yjgpbtzscw,701795
luxury,329.9607,-1689.8127,9,easy
essential,197.29016,-788.1987
essential,206.03372,-13.977661
utility,206.1037,-1082.0168,nxxbhtftev,831961
essential,225.32507,-1213.6036
utility,297.036,-1395.4104,qrjjqiqsnx,160339
luxury,441.03738,-884.1647,4,almost impossible
utility,240.78052,-1032.484,mjaeosambw,713907
essential,329.3683,-971.63495
utility,339.4593,320.16113,pmgasqbush,522133
essential,343.38004,-211.32349
utility,259.2312,-273.67477,equrrovwbo,050134
utility,270.2891,61.373474,lkkxiigqis,620432
luxury,429.06372,-1228.5803,11,almost impossible
utility,272.86075,-1728.8372,nnqjxzvxbo,204527
essential,239.02539,-537.69
utility,387.97247,-397.47195,goekshgxtt,283778
utility,265.77072,-738.74524,imwmnrgccu,046618
utility,366.52155,326.682,xjdhsiqzmw,658744
luxury,256.2937,-69.99881,1,almost impossible
utility,399.10898,350.62704,sdkizltewf,236136
utility,275.09998,352.20355,fjnedgyreo,725425
utility,253.35849,144.04477,czrwbkqvck,014417
utility,277.8905,51.22577,grtxtpuhcf,395870
luxury,443.88226,508.90555,10,almost impossible
luxury,385.1512,-677.2042,8,easy
essential,164.71889,976.41876
luxury,302.2578,-661.00635,3,almost impossible
utility,221.87984,-205.3623,vzekogqeoh,757641
utility,320.6563,-772.56744,zkhtrqpliq,325104
essential,171.47498,-1438.193
essential,218.08217,-1526.5906
utility,379.2036,-1823.3903,applqgbwsb,376436
luxury,387.07938,-652.32025,8,very easy
essential,221.89575,-955.50885
luxury,421.26556,-140.96326,10,easy
essential,204.89282,-496.7964
luxury,289.18048,-1259.3428,6,very easy
essential,271.33743,-641.1578
essential,269.43808,-149.87408
essential,321.0335,-1233.814
utility,252.16989,-720.5958,eadhjnceyb,529233
essential,230.87245,-1169.9192
luxury,311.38416,-146.09601,1,very hard
essential,191.248,-277.96786
utility,350.23038,-201.393,mrexzqieft,099834
utility,248.90654,-239.99847,rtzzsjwmqf,282645
utility,220.06319,-1551.4513,yijsdxtqag,184781
utility,344.4486,-175.42917,aaukcnyxpe,774144
utility,289.55493,583.47144,tqryamzbcr,062865
essential,166.31624,-360.06726
utility,210.51555,-794.58746,ucpjswrluz,285855
essential,258.649,670.87305
utility,308.82635,-592.3209,odgkmbxqjy,829006
utility,256.70636,-970.6576,rpealzwtmh,626485
essential,171.17717,319.84717
luxury,441.28003,-269.0428,8,hard
essential,201.92586,81.61963
luxury,411.66504,-294.81482,6,very easy
utility,320.5582,-651.9352,amweunefdm,856698
utility,208.90991,-813.0692,ecvzuxdewz,699498
essential,234.84052,-945.99
utility,342.1999,-1098.4336,byyjdwwrfi,344575
essential,194.27074,-416.51837
essential,233.48532,-783.61096
utility,261.31082,-10.798393,xwbryeypjc,135526
utility,352.68066,-657.18286,xdeqbgfsbx,408010
luxury,280.40997,-729.12897,9,very easy
essential,321.78268,-324.8998
utility,300.2096,-332.69995,rybkoensiw,564890
essential,252.75569,-425.13867
utility,298.14392,-489.09998,hqvjbaqbbq,879842
essential,302.8482,-1046.4043
utility,336.01245,-971.6928,hiwbysmpdy,267510
essential,154.66206,-527.76013
essential,286.84064,-291.65662
utility,204.45918,-125.267685,hcefbwpwpn,694193
essential,229.15576,-1089.7166
utility,294.35452,710.8688,bpucrgfhmc,050633
luxury,374.6516,-658.3439,1,almost impossible
luxury,341.81955,540.275,7,almost impossible
essential,247.34424,336.40378
essential,179.52203,-147.35266
essential,189.35974,491.4956
essential,237.67383,-1222.8306
essential,204.77162,215.01207
utility,388.0305,-384.56177,wbrgbookzs,039376
essential,327.79593,157.45532
luxury,250.72395,-63.994324,9,very hard
utility,284.11023,-463.1513,ackoekptif,783066
luxury,260.169,394.58826,4,very easy
utility,260.13904,876.39716,wkjnnkmrwi,824446
essential,252.8569,-339.83316
utility,254.11392,-1436.3784,dtfypsuupp,064622
luxury,321.30344,-531.9085,3,very hard
essential,282.52502,-523.15485
utility,224.21059,-167.63853,vcuoyizyxp,352476
essential,284.3045,-1677.8141
luxury,285.61444,-194.16309,7,almost impossible
luxury,344.3296,-152.6753,3,almost impossible
utility,395.54752,-1147.7723,harjbbposy,232478
utility,211.93904,-521.8135,ftzhatzoel,711011
luxury,406.4032,361.71765,7,very easy
utility,330.85858,-1394.5381,zrrdqvmhyh,552044
utility,270.2962,21.70533,vefrcqntrw,449073
luxury,356.0338,-766.78937,4,very easy
essential,291.20392,986.1998
luxury,262.87686,-437.10208,8,hard
utility,208.64032,-611.81366,trcvstccbc,494002
essential,152.07378,-32.777405
utility,343.72244,-801.8345,afuedckmwj,816835
utility,295.44843,202.98444,kcavpslqcd,501918
essential,288.33044,158.02211
luxury,436.08423,470.90738,6,easy
utility,235.09477,62.271942,dpebwyvssi,990493
essential,229.54706,-382.52972
essential,154.63458,-706.3813
luxury,257.7876,-154.42407,9,almost impossible
essential,159.5613,-718.8552
luxury,319.23706,-578.4018,10,very easy
utility,200.12671,-1051.019,pparmopcae,786096
essential,213.46791,-790.15137
utility,323.03235,-945.3254,qrlwqjdjyl,240404
utility,342.3153,-867.825,rfnuujrlol,067253
utility,376.14893,-311.6714,fgvbtdcuiq,653346
essential,220.87863,-90.95386
utility,215.28322,36.63745,hnrkklmggi,417292
essential,277.45697,-1033.6957
utility,230.36938,633.2278,qzfdrjruvi,142729
essential,274.8971,170.8789
luxury,374.90906,301.4766,11,very easy
essential,223.22337,80.336426
luxury,314.79453,203.90259,9,almost impossible
essential,231.02475,-625.3411
utility,362.38043,412.89948,vqhefwhllc,974549
essential,234.27121,735.8624
essential,193.67438,719.5182
essential,200.41258,-275.39185
essential,292.39307,-164.70004
essential,252.36916,13.950195
utility,225.82352,-204.6654,kpiazrikxy,213232
utility,306.12552,673.2195,yudxsofcht,938403
essential,161.86263,-361.7757
luxury,277.85825,-567.6114,5,hard
essential,187.56863,-857.4914
utility,283.25598,311.2,qidatwvsoi,453168
utility,378.45212,-385.06662,ewaolhsxpz,940423
utility,222.5513,-76.33771,dowtqzopvj,314156
luxury,379.724,-244.26941,4,easy
essential,331.8722,-1544.3083
utility,378.19678,-858.7095,rykeioftiv,312958
luxury,449.16296,-545.6029,2,very easy
utility,315.45636,-257.35144,vgxzrkhvpn,844973
essential,273.57492,525.37726
utility,324.33997,327.8045,jjrrccqanl,279167
essential,312.62024,-450.17987
essential,166.76094,-586.7897
utility,333.99576,612.1385,aiqkxucqyt,777831
utility,205.06418,-415.13306,fyppofprgc,715454
luxury,437.86578,-405.13104,8,very easy
luxury,299.1692,245.39761,9,almost impossible
utility,218.0712,-644.7639,qdvdcoukhx,917573
essential,308.75806,-1148.9207
essential,260.35178,-337.96875
utility,262.92618,-1407.249,ptoiiyxazx,505609
utility,308.69144,23.165283,fghxhankjd,402578
essential,273.99323,-1538.8209
luxury,414.65555,-39.72383,10,very hard
luxury,288.98157,-834.812,4,hard
utility,380.127,194.38065,welzgrxqfl,474434
utility,356.2915,-1403.522,ganbzpcmps,394649
utility,286.43604,356.5031,nmejplqflq,522637
utility,334.7241,385.6848,vncygsvbvc,581959
essential,218.31277,-302.11
utility,390.27295,162.36823,blenkcmvjf,640513
utility,264.76,-1190.3004,afgticwjqk,415983
luxury,428.8742,-21.225937,5,very easy
utility,392.2621,855.40106,wsbhllhjhd,062707
luxury,400.01465,-337.221,9,easy
luxury,382.7921,-508.26685,3,almost impossible
utility,377.68896,-78.255615,ckncjynedc,141565
utility,327.44492,561.682,fxpeodxwnx,121258
essential,218.98517,-686.1018
utility,298.17026,-53.713745,cdmtrprxez,246038
essential,272.89084,-269.62903
essential,211.15106,-494.85654
essential,199.34705,-34.25305
luxury,331.04926,-702.1114,10,easy
utility,264.89948,41.059734,nkuwjjhgcj,472500
utility,296.19128,-221.3421,cdmwdtoipi,053836
essential,189.61142,-87.27579
luxury,366.36322,-552.7067,10,medium
essential,328.72476,-44.74991
utility,310.1412,-362.69794,ltihhpbcqp,259002
luxury,401.15228,-931.1945,1,very easy
utility,372.1067,-174.23618,tfhjtmwiuk,506157
utility,397.02252,213.5172,rjlfkycuij,866813
essential,254.68317,884.11865
utility,289.05377,-1555.2231,arzrcgrxiv,830961
luxury,287.43384,-52.657227,1,very easy
utility,229.74277,-452.30585,pigzlwhqmu,053466
utility,251.45752,-212.66638,qpsyfivpnl,603427
essential,229.15952,381.57358
utility,318.22214,-1596.77,hfxjfxndfr,340257
utility,227.7503,-1100.7203,kdjfpfshxh,498988
utility,309.3004,-758.95337,ytuxgqpllx,544415
essential,150.05426,-479.4024
luxury,408.417,305.4201,8,hard
utility,353.0818,-173.83421,voyltzkfks,481901
essential,229.1474,-411.80045
utility,340.50214,-257.64154,pvzejpxoiq,182947
essential,310.1253,672.8826
utility,301.041,-1180.2976,luqcumrmak,722511
essential,224.22105,-107.748695
utility,256.53442,-39.11328,tnxgsdaiwd,988838
utility,268.74915,-1041.9026,hvxcwyjztr,410071
essential,156.9377,-1181.4114
utility,366.00177,-1366.5892,bxdkmdmury,113886
utility,376.52853,-888.08215,pkpjlyvaek,330466
luxury,359.65314,-1240.5916,11,almost impossible
essential,169.18675,-63.448975
luxury,354.08032,-389.70654,1,easy
luxury,417.4697,-1071.367,1,medium
utility,313.14716,586.5185,ffclyabdup,816270
utility,277.7679,29.201385,sgdhzatqoo,408572
essential,178.60048,-94.59375
essential,176.47723,-402.47925
utility,343.5725,-196.86157,jglkwhuqve,873308
utility,203.463,-1475.3058,vbcbyievph,005566
utility,396.9258,603.7279,esiqaomsbi,975246
essential,247.0015,-1183.9124
luxury,392.55676,-301.92023,1,almost impossible
utility,218.48552,55.092896,eubdrbxiji,716748
essential,281.10803,-32.377747
utility,279.13705,-501.76538,wkbafarexd,817046
essential,341.68805,-144.67395
utility,354.92627,-1210.6526,wjyavkdnae,687701
utility,370.16412,-393.3241,dwqaltrlgw,426776
luxury,314.73184,-165.04501,3,almost impossible
essential,294.09555,-338.55414
utility,376.68365,-421.02292,abkeiloxzr,376391
luxury,354.4611,-1570.5541,3,medium
utility,295.0,-842.3442,wpyhqmhevv,563353
essential,252.62402,348.58072
utility,391.72562,81.6723,ykzfzhsxoi,511337
utility,329.20645,-1005.50916,khcdccnzeb,967930
utility,385.91998,-1195.2603,kzmtfmubyd,817399
utility,231.12038,-1701.7096,namfqpzspw,940637
essential,260.11703,305.89172
utility,234.72925,-368.05853,mdmbhtujxh,589781
utility,382.19183,-1653.6991,wckfbztbzb,560771
essential,153.31104,-668.11163
utility,201.02103,-11.721252,annzkqpksc,983741
luxury,396.99796,517.14624,5,hard
luxury,332.54044,-362.0237,5,very easy
essential,248.46727,-843.1834
utility,213.53117,-1785.9363,whgtedjuig,153034
essential,178.5601,113.285
essential,210.56586,388.27576
essential,262.6163,-464.9133
essential,272.37784,-215.5261
essential,284.3676,-599.1153
utility,247.80293,-242.43945,gpocvqyjty,423545
essential,184.98077,-1072.8219
essential,186.16945,-62.251648
essential,171.02916,-442.76758
essential,180.71628,-1532.9314
essential,177.4013,88.62614
utility,398.00824,275.55646,ojjnwcyogp,695134
luxury,274.5702,-639.80176,7,very easy
utility,370.6604,-1026.4995,fcdhcszrcn,873461
essential,185.51808,229.23059
utility,235.51651,7.6702194,wpdpujpukk,874754
utility,203.45366,-690.3402,arrgmmiqdq,922764
utility,367.36392,743.29706,huoaicaugb,212347
utility,264.30957,-961.8945,dhxtuafzqh,714910
utility,245.67236,-1605.8094,lusenmwrob,580468
utility,237.88205,418.6841,mpdcxwzsmn,014245
utility,298.9885,-1069.2631,yvnilxgvsx,708744
utility,277.99167,-1436.017,bfoqcjshcx,302936
utility,288.37192,842.5394,vyonbngoyf,510476
essential,242.23764,-508.46527
luxury,391.28464,-889.2656,4,almost impossible
utility,274.388,-774.9202,dihgnzjpzz,984717
essential,244.26627,211.53879
utility,318.4948,397.49188,xyhkxyoxum,871607
utility,386.52457,-1453.2554,keyxqushhr,921508
utility,279.51358,-604.62885,ohnoididhq,298928
utility,341.04062,-871.1907,qcfedhevzg,984136
essential,179.0107,-866.21826
essential,344.66968,-732.60693
utility,346.67047,-1721.4296,lorgsbhtjn,810549
essential,219.00089,-950.2215
utility,348.97177,-510.0971,jodwzehkqx,252172
essential,349.08762,-578.5255
essential,224.05753,717.31384
utility,350.09933,10.003113,iomhxewxmy,322872
utility,224.84052,-99.18701,nmwdzawart,838939
essential,187.37311,-13.365089
utility,297.74103,-1166.9088,hfqgzuscek,659982
utility,249.3649,-472.79742,lxdxogejqn,266423
essential,283.02554,-1266.5236
utility,286.93683,84.06537,ghvnfonsms,802006
utility,264.75787,362.32852,esfaccmvmb,887738
essential,250.4242,-1182.0378
essential,301.2364,-1012.65424
utility,255.34937,38.173157,vrrvqvviuq,721031
utility,381.39743,518.6134,hbrhwetssb,231118
utility,237.10413,-1404.5428,bwnyvsdvmv,241711
essential,203.44379,50.045105
utility,375.49704,-1064.4941,hlsbocuxtq,828135
luxury,346.7303,-63.69922,2,almost impossible
essential,174.51996,-995.62775
essential,197.79622,-272.02197
utility,310.4,312.43796,lvwpfnyaep,882030
utility,221.57683,233.1698,xuwqtjaizz,653301
luxury,378.11444,-844.3989,9,almost impossible
utility,395.6537,163.06812,bbongwemob,482324
essential,163.4366,-162.3264
luxury,334.8648,-775.9302,11,hard
utility,379.45206,-1405.1129,ggsxvssaor,440018
utility,397.96942,-665.1089,ldpajehwgg,143187
utility,217.36694,-591.6244,qesgmqpqcf,708612
utility,254.93658,484.3098,rfmtvqbdav,598703
utility,211.41684,-599.112,jksyoluoxh,495306
utility,208.62521,-657.9708,qpajpqkqgd,537461
utility,390.01587,-443.5495,xmhdwhjncn,656705
luxury,389.72507,230.88568,7,almost impossible
luxury,301.3595,-518.16113,5,very easy
essential,322.82358,-1473.1337
luxury,357.24387,-417.95532,4,almost impossible
utility,284.31982,-105.33899,pleorczfsd,591534
essential,306.84607,-1592.8713
utility,386.14874,40.540405,brlrgludfd,500479
utility,374.08307,511.14508,vmjoxzpkff,069909
essential,286.2743,19.843018
luxury,331.49878,542.11993,9,almost impossible
utility,265.31836,-131.11768,zptvvxbjow,834800
utility,351.92288,15.820038,lkugersvyc,869345
essential,236.84375,35.7381
utility,307.2974,145.48166,wrhwvegwev,525879
utility,384.72952,-813.3606,mquepgawux,932120
essential,221.70871,-1270.875
utility,387.13983,-711.8688,ypuadyacho,787462
utility,348.7086,-1777.0216,swjuhjzamr,987481
utility,377.79755,-48.76111,didasqhmtj,516335
essential,246.41998,447.3699
utility,259.089,-199.76721,fychsbqjvv,430394
luxury,253.43974,-1339.4954,8,very easy
utility,234.87717,-333.984,ktbxjiofbg,244606
utility,253.01651,-685.9297,qldbfjlkkw,324568
utility,356.92038,208.58234,agvdkkqirm,689798
utility,221.1923,-288.74704,memzzxnfbn,791132
utility,352.45984,-831.6522,qelbukghqy,554640
essential,312.88223,-1140.6085
utility,335.30777,-899.65283,clalwonssg,574628
utility,291.04657,-1089.1272,claiaxyqmc,355540
utility,281.7548,-1208.3606,npobfbhnko,519634
essential,307.8831,298.3616
utility,332.91,880.919,dsszxstztt,279380
luxury,362.94934,-271.28223,9,easy
essential,200.89703,-430.55524
utility,338.37436,-713.33386,fbpejznliv,916952
utility,222.39699,-262.37714,ctcbetzyvd,608392
utility,251.01656,-727.49133,zbvesfymzx,189281
luxury,414.9655,214.22461,5,almost impossible
utility,322.58362,-475.88614,hsgpeifshf,586758
utility,396.75513,-692.6458,hetkwwsxlv,499720
utility,261.87622,-99.637085,encikbhxvc,233231
utility,303.1208,-92.924835,cqymdudclr,953008
luxury,391.72784,-557.7006,1,almost impossible
utility,232.97215,-949.9194,horjawoczu,293301
essential,208.08194,-490.72626
essential,178.32863,-893.8946
essential,346.94135,-1275.0146
essential,175.1953,644.3571
utility,301.55396,-97.50897,ktzmtlflmh,582706
essential,320.46664,-423.97943
utility,211.62352,-446.78632,pjkbfwkjsm,617287
utility,347.597,-1230.1198,ebdqnrjfcx,385059
utility,303.7646,-1318.581,sandrftjxo,065482
essential,200.018,-1810.9274
utility,374.65778,-1411.2134,laksdctvbu,082927
essential,265.83417,-477.73373
luxury,280.23416,240.9812,11,very easy
essential,311.71725,592.621
essential,197.73392,-1053.0239
utility,300.79688,-275.81,azmnwxjmtt,971421
utility,384.84253,-725.0261,cjqcorfqsd,130502
essential,159.07144,-305.9212
luxury,446.22296,235.4372,3,medium
essential,274.46658,-824.04175
utility,235.1043,-474.4114,ccnjyooypt,613880
utility,347.64798,-1411.3875,wzxdnpadyn,778283
essential,213.64624,413.6064
utility,204.49779,56.45819,utsobvcopf,977710
utility,254.01193,-1328.5088,zlgkmillxn,654204
utility,247.41986,-1163.2433,rigzlnhsfa,874497
utility,395.3175,-295.78198,wmsllwinwq,689092
utility,369.58646,-11.185913,tcgcjvjlar,981988
luxury,353.8838,366.41577,6,very easy
essential,252.77824,-625.14636
utility,324.7995,-883.33527,djpgtpqpau,757873
luxury,444.02856,-984.33887,11,very easy
utility,318.5168,235.65881,wcglsuppvn,054366
essential,181.43578,-656.9006
luxury,325.6265,-1461.9331,10,almost impossible
luxury,421.70148,-32.81952,2,almost impossible
utility,360.06512,606.7625,czfcmfxlvn,100244
essential,242.3614,-205.82236
essential,256.2524,-1335.507
utility,206.54768,-18.245453,wnnlljzyty,289715
luxury,256.8811,-442.59995,4,almost impossible
essential,322.16046,219.64401
essential,318.6853,-788.3901
utility,345.3119,-276.68387,qfnrcaugrk,010801
utility,236.41904,-60.27794,qndpyyukkn,216370
essential,207.02881,-1150.0464
essential,285.82642,69.14789
essential,282.20288,-898.27313
utility,251.97012,-575.6964,ockpznvbhl,919506
essential,244.36334,514.79596
utility,301.01675,-1274.0868,vpbtgkqchu,110861
utility,267.99948,-246.63489,cborayjrca,659632
utility,258.39642,-116.92529,ztyqkxtyvm,741308
utility,300.43225,-468.41205,nkweuuizaj,879679
utility,255.39082,-1162.6525,lprpituvop,147705
utility,314.1059,-518.62946,fqymqxzvub,020379
essential,175.13895,-1163.1724
essential,169.12997,-1421.967
luxury,287.0089,-1225.4968,5,hard
luxury,304.50964,-901.9438,9,almost impossible
luxury,412.95782,-96.183044,5,almost impossible
utility,336.19632,551.4626,sdzwqfmdyj,190826
utility,382.64337,-1445.4485,yyjsvvghdb,663072
utility,341.32294,-820.55756,cbkegkhpvj,486642
luxury,418.49207,-663.8599,8,almost impossible
essential,248.49065,-71.73782
essential,294.21924,563.8494
utility,369.88416,173.97302,yapbgnphvl,624235
essential,173.6287,-626.44867
essential,166.11783,-318.08145
luxury,291.87524,-697.6942,10,almost impossible
essential,158.36948,339.21487
luxury,357.0293,-426.16248,7,almost impossible
essential,209.23764,-1234.0756
essential,273.98102,-1681.4816
utility,249.68271,354.84662,zckcpuepfw,141406
luxury,433.99603,-141.00922,4,very easy
utility,361.649,-416.3412,fcjtjcjtle,579640
essential,308.5818,33.690674
utility,317.0297,-820.5659,vwijcuekks,196727
utility,359.94086,-73.45685,veekrsknpt,111853
utility,347.2084,-392.87274,xluwitnegy,102935
utility,363.10083,-619.0788,ipnvlkrcwg,815219
essential,346.4051,-676.99713
