utility,281.11188,136.34741,yuukjqxfid,431684
utility,305.4292,-1351.5066,uemscafczo,740745
luxury,313.6455,-571.49646,11,very hard
utility,293.32642,-55.37439,rqzdqygbhf,282395
utility,239.86768,176.73679,kwexloefvy,825053
essential,214.58685,-392.31744
luxury,420.57526,-83.84335,9,hard
luxury,299.96402,-1658.1273,9,easy
utility,320.22235,-380.4256,pctyjoyhzw,765485
essential,162.70209,-1130.4365
utility,214.27475,-287.29492,mujuhvlzoj,195692
utility,226.51636,-1364.176,scluabhzda,555677
luxury,394.36365,156.56354,2,hard
utility,376.01227,-399.367,xipluibcts,156626
utility,346.2182,192.98083,gtgwxuirhy,865774
essential,193.5279,-43.84073
essential,300.285,-825.4741
essential,294.98822,-407.58093
utility,296.70596,-333.90063,jbnescjvmg,282280
essential,320.0932,-1559.9974
luxury,428.85718,-1613.2057,9,almost impossible
utility,204.82115,-282.0076,pdxuqvfpcy,258288
utility,257.39804,-633.51575,nnsuldqmcl,143813
utility,252.38406,301.12177,rtjgzdaolk,313142
luxury,256.18814,257.62115,3,very easy
utility,274.43073,-1110.7921,qobnawytja,238619
luxury,389.07776,-18.900452,5,very hard
utility,241.71785,-647.5098,ceacfmdmdx,619073
essential,344.1567,-1350.5985
utility,348.38745,-1803.3146,wzacjtummr,078743
essential,329.43506,-958.4854
utility,390.02353,-584.84076,gcbtyliqnz,874878
essential,301.563,9.010132
essential,184.06519,-445.57574
utility,276.733,-859.3782,gonbwdlakq,935416
utility,264.36404,-1319.5431,zowzqffbct,357098
utility,226.60867,367.62134,rchcmxnsli,457956
essential,325.34656,-405.20502
essential,320.4809,-1567.9357
utility,255.5492,699.9234,fzecmmonrv,852852
utility,329.0277,-415.28918,xkslpeiwfw,502725
luxury,408.99976,-499.20178,4,very easy
luxury,352.985,-792.8741,8,almost impossible
essential,248.56378,-400.2552
luxury,388.38983,-265.7397,10,almost impossible
utility,224.17937,-745.25665,rieskvtnje,868534
luxury,391.96082,-538.4405,5,almost impossible
luxury,303.59653,266.54858,11,very easy
utility,332.1487,-108.844055,zwjjqrvcpc,267062
essential,206.80647,-741.45355
luxury,406.24976,-682.2014,8,almost impossible
utility,361.95428,-1154.6738,elfquzwjpj,011381
essential,217.58133,-532.528
essential,190.24945,-1019.6328
luxury,254.01483,-492.60522,10,almost impossible
utility,398.83124,-1176.7549,oqxiktokcw,488097
essential,292.96057,274.0995
utility,298.15106,-152.92169,orbrrvkznz,627108
essential,330.00177,-309.08737
utility,398.2921,-362.87274,veoepbnuyp,973986
essential,221.73926,-1114.4142
essential,262.2624,575.62427
utility,243.13443,-1069.3054,ytzexwdrxu,379078
utility,335.68796,531.4795,ykerphbaaa,007985
luxury,265.2162,128.01685,11,hard
utility,342.29416,823.6655,xakvlfjmus,190126
essential,331.2483,-663.2573
essential,152.86215,-41.131195
utility,278.6134,-111.604004,rxtdyjcvys,136561
luxury,414.75046,375.68546,9,almost impossible
utility,321.52246,-1788.5427,spzoqucvzx,534281
essential,198.7472,-93.951355
luxury,395.58997,-615.4994,6,medium
essential,347.9796,743.9489
essential,214.38309,-710.43396
utility,210.84354,110.627106,dmkeerujnw,385374
utility,251.3435,-583.9247,idknergflt,579163
essential,301.8134,-1162.166
utility,220.4631,48.88385,pkpkxgpxwf,924676
utility,365.08853,-703.21796,kogovlmwjp,878326
utility,377.7871,77.22754,yhterirupg,260276
essential,322.79184,-134.3996
utility,239.061,-321.7746,aabzeehess,069871
utility,389.06262,-1346.2269,rxwkfphsln,713514
luxury,376.13605,977.5339,1,almost impossible
luxury,437.8805,191.58969,1,almost impossible
luxury,438.5428,-670.78735,1,easy
essential,222.73856,-1073.8085
essential,313.60028,-80.900696
essential,259.58307,-398.85974
utility,346.5098,-314.9178,qpnsiiwvsu,411743
utility,215.47275,-11.783905,lehpxxlsnh,703531
luxury,314.5741,-849.29236,9,almost impossible
essential,330.6331,511.5549
utility,351.69257,-1147.4017,ijxxfrxlfz,299613
luxury,298.29395,-89.79242,7,very easy
essential,183.60905,406.5498
utility,246.17789,-913.47656,zgddxzygux,738163
essential,216.98633,-535.08276
utility,313.9392,337.8982,bjruzkcmbr,182986
essential,234.70822,-526.5476
essential,176.45691,-654.69556
essential,268.57004,-1256.121
utility,288.47772,-1885.2563,nfdnowjdkh,666132
luxury,381.96216,387.97263,5,very easy
utility,317.59164,-53.857544,uyqdrmsbfp,291748
utility,213.85457,-79.20746,zgjlolnvff,131210
utility,235.39722,-495.16968,ffwovewxlf,395001
essential,206.17372,-1667.3024
essential,340.31665,-1196.689
utility,244.91635,-218.54077,zarbospmtf,007001
utility,293.23242,-1217.1953,uwkukrmuct,569384
luxury,399.21106,313.1787,9,almost impossible
luxury,364.7469,-253.43701,1,hard
luxury,277.73242,141.41046,4,almost impossible
essential,260.77954,-1313.9235
utility,312.7095,-247.75165,hcfwmpsywv,261917
essential,223.48361,-1153.769
utility,357.33173,-372.83582,calvmcsaqf,340618
essential,225.04108,-573.5606
luxury,292.74884,-746.2074,9,hard
essential,229.60036,-1814.3862
luxury,317.9145,-1845.2361,5,very easy
utility,222.48103,-849.58954,sqwskyedbo,417326
utility,394.23663,-945.1361,kqrangrlcv,686612
utility,340.4473,-1.0093384,ydxyisyfcw,828188
utility,274.61807,-478.86902,cgrodwsgkw,024020
essential,321.66843,701.8856
essential,225.15854,-1560.2128
utility,353.32358,169.35638,qnqgzepkxp,688999
luxury,306.87607,228.77994,5,very easy
essential,193.71777,-549.0332
essential,156.38336,65.03218
utility,220.76147,142.23749,bxjyrrlpnm,395945
utility,275.0186,73.96286,mioajngliy,423968
utility,244.04181,-209.4357,bwsejudjak,186762
essential,179.52902,-994.6018
luxury,328.15796,-750.18915,1,very easy
essential,309.47003,-1119.3475
utility,221.3201,406.83047,ygeskzqbsd,302367
essential,208.73494,-806.0803
utility,301.61823,-1114.7808,ahbqztliwd,516696
utility,339.6107,-1286.702,bwerpmhqnl,364747
utility,326.44913,-1315.7844,frrjtfiehh,612008
essential,245.10722,-833.865
utility,324.22638,409.2173,lcorzpzhki,758245
utility,271.1567,-1462.3623,wotomdeihw,006149
luxury,270.02197,-1569.6368,10,hard
essential,269.70776,-1500.1548
essential,329.47852,609.8541
luxury,410.62207,-537.096,5,almost impossible
luxury,282.96423,-938.4908,11,almost impossible
essential,194.91603,-642.09174
essential,310.31226,342.53693
utility,316.54816,-907.28796,qkvgyvggul,834691
utility,355.844,-289.31677,ranaswptjy,595509
essential,223.87564,-684.9912
utility,268.18695,-425.8436,btsehqqelb,974132
luxury,302.2406,-597.70905,8,very easy
utility,375.74994,-1354.1702,gdglomvgqi,147124
utility,386.52136,-1233.8665,ckknovzinz,725688
utility,339.93726,-1154.1498,wxaoovpwzj,140019
utility,305.3022,-884.6975,dypvnmlvse,894614
utility,349.2072,-708.1677,loygdfutcv,236435
utility,254.97127,-1074.6162,xjhtpewhte,294954
utility,315.93597,-153.69427,zxkuqjzlqw,967919
utility,348.6688,-804.76044,zxkupvgaac,161948
essential,304.0608,249.99792
essential,348.46826,580.35315
luxury,347.8986,209.66887,1,almost impossible
utility,219.65312,356.61954,dmjyrkdunn,549137
essential,174.55103,-246.06134
utility,273.4634,-245.95355,humoijgsah,443738
essential,276.4621,-1197.3104
utility,272.09906,-82.033264,sixkfobrlv,605542
utility,309.88037,806.4509,unegrzxiar,541809
essential,240.94995,-375.90564
utility,294.03656,-204.15717,ybznwzvfra,186696
utility,388.8586,-671.13696,hqpothvdso,741239
utility,222.88931,-1547.4231,wjifvqrbva,748256
essential,338.00748,374.30518
utility,249.59247,-134.64526,iuqizizksp,482410
essential,305.2511,317.52087
luxury,446.45087,-1293.7183,3,almost impossible
essential,204.22412,-845.6842
utility,243.22324,-42.61499,sukjticecn,094592
luxury,390.93677,-1006.8694,4,almost impossible
luxury,293.10852,-1472.2115,3,very easy
luxury,418.1057,-752.94464,3,almost impossible
utility,317.2447,-33.30655,ylysydqvki,362185
essential,279.97577,-309.16052
utility,321.55878,306.78503,hrfzdjjkzm,564484
essential,316.56445,-1630.7001
essential,239.83069,294.89737
essential,248.85152,64.54346
essential,320.1399,142.91318
essential,194.3583,-104.36005
utility,204.22437,-392.5462,ufnsdhyiyf,512472
essential,228.42719,265.69135
essential,189.63834,192.5932
luxury,286.45743,-1575.001,8,almost impossible
luxury,268.44086,-182.34631,7,almost impossible
utility,297.68604,692.7431,bkhibepksj,348109
luxury,387.45355,-148.0105,3,almost impossible
essential,244.0022,-295.1361
utility,273.23297,47.084335,qqbzyyajrt,864717
luxury,263.26175,-1341.1644,5,very hard
utility,277.27243,-201.01074,pffkcxqoth,142134
essential,222.71036,-149.93317
luxury,396.46655,-419.25885,1,almost impossible
luxury,308.54895,400.77747,9,medium
utility,256.89825,94.352844,sdjtreesai,235685
utility,304.83875,-323.187,brwqgpcrxv,358688
luxury,377.47827,-626.0217,6,very easy
utility,264.8101,-512.48065,qwjgpbvtqr,912832
utility,290.6178,-1782.1593,gxnttfxsmc,004479
utility,249.72128,-1169.1633,uoqhzhglcb,034374
essential,211.13127,-110.291016
utility,339.3476,-1346.0355,ofrmjnwjbh,183642
utility,331.8176,629.5985,qkmpdloqma,857807
utility,327.7462,20.57257,bownqlsfnv,568303
essential,181.40889,-221.62534
essential,160.0947,-1561.6233
utility,313.5148,-1038.519,ksffnyxose,498190
essential,276.0491,256.72214
essential,238.8808,506.8867
utility,347.6974,56.772522,fnwjnlehgy,754820
essential,157.06787,-95.5472
utility,264.91577,511.98752,rhjtwkjhgj,225698
utility,399.36597,189.04532,knswosszfz,987817
essential,248.01523,781.874
utility,313.19678,-1552.8643,bcmlefdefv,208514
utility,261.9888,-785.30646,ijpxmnokqh,246179
utility,287.55496,224.26604,cbggcbwfrj,556242
essential,231.41081,-849.14746
essential,212.42355,-1231.0123
luxury,428.71744,320.63837,7,almost impossible
essential,260.93805,-32.321983
utility,314.24246,59.851868,exxhsjrzgd,349449
utility,322.83075,-1215.5319,bcwpssxbyl,890913
essential,185.03545,-353.4181
luxury,444.49774,-214.63367,8,almost impossible
utility,210.46434,-1272.8346,rwjhjgmehw,248288
essential,250.36938,-471.83832
luxury,342.9056,429.91168,3,easy
utility,299.7185,-1624.8605,rzfotiblya,134423
essential,196.68192,420.78503
essential,187.45074,-645.9476
luxury,265.23166,38.832825,6,almost impossible
utility,348.99872,327.1289,cfaqlkjjvm,905747
utility,221.25601,-599.9582,ghuwkxjrno,110550
luxury,295.60684,-515.6279,3,almost impossible
essential,189.47464,-1517.512
luxury,259.12463,-464.23248,6,very easy
utility,243.79443,-237.29395,piatgjxkbk,092019
utility,215.09305,866.10724,tnwjanfucu,290612
utility,212.19629,-981.8009,riltnphrot,945311
utility,275.73428,-629.4334,uowxtjdbio,925807
luxury,380.43564,214.81476,5,easy
essential,257.22345,-1554.8453
utility,274.0052,241.97015,yqudkbwfjx,682340
utility,279.73315,-1592.4469,dhajnnfwui,297466
essential,160.3723,-43.355522
essential,304.04102,927.9988
essential,269.21594,-974.1484
essential,172.79994,-1592.4186
essential,222.73146,-1275.8497
utility,295.10632,402.67807,qigkjrgjuc,191089
luxury,303.23926,905.5606,1,very easy
luxury,351.71732,-1182.3566,1,almost impossible
utility,273.02808,309.10266,ymzdnunzwz,490979
utility,301.00903,-360.56796,vndotglnhd,575814
utility,298.0133,-137.7528,pxfxwntrrg,561846
utility,238.15968,-1173.4015,dqwrwqiayg,812854
utility,397.5315,255.41064,psuzhlazxn,384188
utility,334.5276,-1029.648,lumsahcqoo,127053
essential,266.10648,-342.08508
essential,154.61304,207.53955
utility,348.37366,398.878,rdjrqkkwyx,636821
essential,216.29852,-6.376007
utility,247.11667,-91.86035,ywlyuculsd,435178
utility,278.0492,-385.23608,jduxtfxgks,492495
essential,303.11505,-36.601776
essential,318.65814,133.60257
essential,182.04605,202.23035
utility,296.18457,-546.58374,zgvxswjvfx,444032
utility,299.24884,-1315.7062,rqlfwybeuk,478693
essential,209.52354,-601.025
utility,365.29364,191.18033,gbbvhhtzvw,905007
essential,202.5033,-1263.5322
luxury,289.1145,-885.09924,10,very hard
utility,280.99442,-506.8003,djyftvmqhe,641217
essential,235.99008,-867.048
essential,317.36017,-383.42926
luxury,337.89673,287.36392,10,hard
utility,344.88885,-707.70844,brpvdqkumn,351701
utility,240.04356,-454.39746,iyhanniocw,468018
essential,201.55856,-461.72858
utility,238.45705,-149.36456,owmglcyzni,609935
utility,276.36304,-390.66104,ycwerfvttn,420443
utility,321.22827,-188.38846,qgivqbmhqd,641634
essential,171.65553,-770.7008
essential,219.54611,121.11951
utility,268.99426,-732.48785,molsesguac,089670
utility,296.39752,368.82214,bhtlwjlpqj,247976
utility,362.3404,-23.090363,ganeeprhcn,663218
essential,163.26613,-642.5393
luxury,395.35477,-890.609,3,very easy
utility,330.6121,367.10107,jrxqigonrt,480562
luxury,304.31555,-916.6556,3,almost impossible
utility,376.10797,-642.9504,idhxrtcasu,573494
essential,261.8719,-182.99829
utility,289.34854,-1032.4592,unxmjkdstx,268330
utility,249.33812,-898.47797,utzbmhcjbw,084682
utility,240.91206,-1252.9875,lxblehihur,236612
utility,284.28253,-446.52722,oakjdjepaq,849325
luxury,303.94104,-1248.0956,7,almost impossible
utility,203.57433,-328.73666,yfwwiiqzuu,337676
essential,250.6825,293.62192
essential,224.6769,-903.0212
utility,293.922,-1524.8284,danztwfdln,676656
utility,221.97586,-1563.1777,wczyivzwkw,787910
essential,260.46167,-1577.3462
luxury,368.2184,375.59357,5,almost impossible
luxury,340.79364,-753.8893,7,medium
utility,253.45532,-34.47876,xoevcebuzm,399349
essential,249.19798,303.90518
essential,247.45245,-25.026558
utility,270.01318,269.1911,seybgqhsrl,679230
luxury,351.74915,-534.1861,10,almost impossible
utility,242.8167,-817.69946,vxcrjoqaom,796364
essential,172.37993,429.43988
utility,244.83792,-510.21423,foiukfxiaq,008590
utility,337.6173,687.62177,kungcknqts,121492
utility,320.34937,-276.84326,ymtkzzyjsa,392538
essential,236.70352,-1282.9447
essential,237.63116,-145.62396
essential,171.20404,525.2406
utility,232.0773,-124.26935,idaglmovxz,095435
luxury,305.83264,-1708.5267,6,almost impossible
utility,310.95132,114.334885,ifadwxpnvs,232039
luxury,337.15088,188.47084,9,almost impossible
utility,255.99742,-1226.6044,ggthhdbhzs,199035
essential,287.36932,-880.34705
utility,207.38837,-525.1973,itqwfgywpd,346100
essential,165.01253,149.65952
luxury,351.22638,-708.5296,11,almost impossible
essential,153.90137,-581.7616
utility,267.06622,-789.91943,wozpuhangv,804206
utility,379.95352,-122.760254,pmypgklfws,080881
utility,285.93457,-180.05902,qbhliepnur,009521
essential,218.9663,-1149.8678
utility,371.021,-754.48267,xvteugdeoo,829746
luxury,369.1515,-121.837524,9,almost impossible
luxury,417.83484,828.3685,7,very easy
utility,307.8817,-22.646118,wqbfxnouay,266899
utility,268.65915,-55.945374,ckvghbyjdg,538043
utility,268.5245,-451.61682,pmciltqnma,556578
essential,219.17383,651.6771
luxury,352.61832,-1309.3528,10,medium
luxury,394.17236,259.18756,10,almost impossible
essential,189.09407,-512.38464
essential,292.04492,-407.47455
essential,314.5263,-1194.8647
luxury,398.83817,-42.929245,11,almost impossible
utility,383.73013,-1305.3867,qdgkqxbwui,194940
utility,247.66606,-846.94727,koggurdquv,996525
essential,152.79709,-1110.4292
utility,211.15327,214.21951,aejwpmbzts,978353
essential,218.06499,-1016.5553
luxury,316.8424,264.49646,10,almost impossible
utility,324.79456,450.03442,cvdophrehw,884315
utility,298.17087,-1329.5881,cssrifgumk,805943
utility,257.47632,-352.57724,rbunvnoubn,954738
utility,287.36276,-706.1856,umemzrhovr,936575
utility,233.91116,666.43445,jtongaltjc,894093
essential,344.66586,459.22296
utility,291.61227,381.33105,pqluixozkv,951107
utility,276.7782,-708.99524,hifqwcngcn,601617
utility,325.21902,-1212.0808,bfbqruxlij,461187
utility,283.32056,-434.63873,gmvryuvgxs,796276
essential,176.81522,143.27881
utility,310.29987,-1349.6454,wfnsdxbdyx,069034
essential,201.79585,-556.3107
utility,289.85474,-70.11127,icprfvigvg,843746
utility,278.68033,-1281.8225,xqvrxapxnv,029712
utility,278.02844,311.88,tukeokhjhn,933171
utility,395.84604,-233.10712,brrfwjluxg,327116
utility,329.8689,756.4176,awmkwrytfl,181925
utility,342.83905,171.00732,clgbnkkxhc,032970
utility,351.3418,768.23364,jlwfqimjed,203731
utility,213.8736,-928.40125,sfplzcqlnk,195691
utility,257.65607,765.9549,ppmrtrpkpe,409447
luxury,302.27905,-1187.0906,8,almost impossible
essential,260.6087,844.28796
utility,222.64587,-628.5979,msrvqhqivi,136548
essential,208.80423,-411.8801
essential,275.26624,-180.82233
utility,315.44125,-1140.2505,iwuppdeelc,878052
utility,255.33208,206.0393,drewzkgvxh,568553
utility,358.9668,231.00586,eorljmbwgl,997286
utility,292.8984,-260.358,ydvlffteia,776043
utility,258.93616,359.78558,nviprwtwbw,056920
utility,319.36542,-1499.4373,vkpmajnyru,144501
essential,330.87854,193.17249
utility,344.47906,40.20215,xxoiueflxz,580174
essential,161.9589,-406.98114
luxury,415.1445,439.16925,8,almost impossible
essential,168.01888,887.2807
utility,342.24023,-228.5185,nzjhcisjcw,882590
essential,320.9201,423.6003
utility,237.67462,373.08533,elvyfhwqib,704020
essential,285.48566,535.5991
essential,156.88527,-1088.8818
utility,211.45892,-966.3251,vhhnzdfoag,516797
essential,231.00833,-1430.8113
utility,381.18353,493.24265,thcbnpxyyu,852949
luxury,351.11572,-672.07965,6,medium
essential,219.27652,-119.62425
utility,392.81854,-1581.49,pbfqfyrnqj,685785
utility,263.53107,-175.71432,zbafnpkskj,564480
essential,247.37816,-428.81342
essential,228.44424,-71.34604
essential,204.09923,-1506.0159
luxury,256.62595,-1011.864,1,very hard
essential,285.9657,-1697.6962
utility,247.64032,305.14044,dhzziwlpzg,784429
utility,250.92606,-1104.5499,haxrckpyry,719392
utility,293.57977,392.92026,jryodnbmmf,591335
essential,216.08365,-194.58661
utility,311.33575,-654.4433,fzuaaptpjc,613624
essential,312.99036,-45.151764
utility,389.39777,-68.950134,zhashywsnk,512052
luxury,424.92084,-1345.5847,7,hard
utility,338.84756,-1151.9218,tduzjsubkt,151284
utility,281.99866,-1380.959,vvuissxinr,172293
essential,343.59134,-1349.2437
essential,162.62985,-305.68945
essential,346.89108,-392.41626
essential,317.70563,-260.99323
luxury,324.48584,-410.73193,1,very easy
essential,238.66238,-1698.7363
luxury,313.4735,-425.82013,6,hard
essential,238.06662,384.79025
luxury,357.71005,-1372.8641,7,very easy
essential,320.7124,37.83612
essential,198.53021,-221.50851
utility,288.12018,558.86346,ledtjoeljo,967577
utility,306.7386,-671.42224,yezbdxtmvt,890422
utility,261.9405,-1764.6346,bayjbqyupu,681190
essential,176.87357,-547.54285
essential,348.10864,-1202.258
luxury,299.5302,-459.58234,6,easy
essential,342.26794,-1655.0319
luxury,287.8161,-661.2262,4,almost impossible
luxury,313.64743,-1056.4089,9,very easy
utility,263.41742,414.4803,rpcirwigtv,866140
utility,312.26703,-276.71985,rqbmsismgl,959846
utility,217.63475,-323.58398,okunrzsdzg,109605
utility,316.47815,-564.3263,ckmukkhdqo,216979
utility,356.47998,-91.44501,xalremnrjb,357551
utility,391.94733,-360.7781,hocyzplvbf,713202
essential,349.6277,-161.33893
essential,158.85089,267.53943
essential,290.23364,345.8487
essential,258.91846,-229.60217
utility,202.52986,642.9301,acmtjaeamv,948410
utility,341.4787,-183.24194,gukauifgpp,641175
essential,306.60022,716.1915
essential,150.31866,904.025
essential,217.58792,-1091.3846
utility,269.131,-1055.831,kvpmwdrjlh,418314
utility,205.29597,-104.66254,owbquzjmci,204853
utility,263.8442,113.47052,oyovvwusgs,943265
essential,221.19756,-1209.3713
essential,272.84204,-536.63257
utility,355.49304,-1048.6671,kkcobgmufs,072241
luxury,347.40253,-632.6913,3,almost impossible
utility,345.25977,35.15094,zplzncwwbk,748288
utility,282.68387,-1267.6445,tadxjftmif,866954
utility,216.94173,243.66248,opeivinycs,018592
essential,163.28046,338.844
utility,350.01675,-1290.0056,nipjolklrh,781355
luxury,429.7658,-654.915,11,almost impossible
essential,156.22842,-1083.6737
essential,233.98395,-978.35913
luxury,330.50873,-503.5913,10,very hard
essential,310.638,-1733.4846
essential,194.25311,-475.45947
luxury,345.22668,-48.400513,2,hard
essential,284.8932,-595.647
essential,269.7191,-1461.888
luxury,266.5114,451.57523,7,very easy
luxury,360.16156,-205.85974,7,almost impossible
luxury,267.86053,93.44255,2,very hard
utility,342.93466,-885.4715,efnbxuhbgk,150982
luxury,352.90723,-800.5697,10,medium
utility,300.78546,44.622498,ntpjnilfoq,507377
utility,226.83052,-830.95715,ioncauhebq,736071
utility,286.78857,-667.97815,awrvzxwkrn,951361
utility,246.44043,-92.61676,racufyvcfj,180002
essential,209.33728,676.5348
utility,281.80396,-1009.8097,sdifjubfoz,903320
utility,318.10245,-400.9378,tkadvrhowg,437941
luxury,429.03906,-396.92047,3,very hard
luxury,331.02823,65.385315,2,medium
utility,242.71718,-1369.2733,nzzkifdumq,221612
utility,399.64447,550.6268,mptyyqkoya,320413
utility,393.77448,-368.68637,qsxjbekyxj,830339
essential,343.7024,-896.03894
utility,223.81474,850.7446,rartrvqhyn,049070
utility,218.30959,-437.55768,sfgtudbgtx,398668
utility,337.87692,-1461.7474,dmbnhiivxx,893123
essential,162.45665,-1234.6073
utility,365.2398,-1874.4287,fzkukplcmh,209451
utility,324.9088,-343.25098,txnoximztd,375209
utility,313.7784,-1037.1443,mzmyzdnucu,758177
essential,176.7113,-1380.4015
utility,304.5902,-944.4132,snwihrvdej,808097
essential,157.13092,-1286.1367
essential,256.9478,-1122.4355
utility,361.04443,256.35867,stgiuvdgbt,830373
utility,364.9756,-441.18982,vymoshcbeg,358960
essential,318.1619,-225.35318
utility,265.22488,461.93024,zstlgawxug,979265
utility,264.90833,-453.31442,mbfignfqtc,814874
essential,291.87885,-650.0425
utility,317.69995,-1192.5013,axuavdlfev,404672
utility,216.20937,-1244.396,ioermxzxmm,650781
utility,207.88669,-1233.0559,gdzaoenooh,389376
essential,299.92194,-1200.6821
utility,384.57288,87.52835,oggysxjokj,415163
utility,365.64398,795.01874,akjkyvbnqx,627862
essential,247.96301,-146.14801
utility,399.18414,328.42828,siqtkmipqh,499058
luxury,289.7442,-690.7457,1,almost impossible
utility,258.329,-94.89365,upooweiehi,371482
utility,309.6322,-675.1811,ljltjmqgwy,997753
utility,361.85382,-153.47473,fguxwlwxug,002540
utility,270.34515,-1343.6968,jivadvkykd,623303
utility,206.36989,-436.32245,etqqfjwjil,217369
utility,394.43265,-925.38367,ehxhyrhenl,946132
essential,298.3515,-3.2218628
utility,247.19916,24.838135,chtwisiilo,898533
essential,294.16513,-1095.7169
utility,317.2247,-755.3445,rdmxjdodbm,579980
luxury,304.11707,-1797.2842,10,almost impossible
utility,346.69904,-855.87445,raiwpagexy,627712
utility,205.4336,-1132.0009,srphvndkui,595924
utility,237.2181,-411.06415,uxpwikiykz,892544
utility,268.97165,-938.1812,tyvxjfnzjw,046534
utility,300.2884,-133.50134,izznbichht,874737
utility,231.71417,-1324.1602,mjdevybqov,116714
utility,311.57434,128.33965,cskvlxiyot,078948
utility,343.5388,-640.9096,zmkkaqmcjw,113007
essential,155.80617,-1026.7596
utility,257.1089,-586.22076,haekserfgy,991853
luxury,275.40192,-403.86884,10,easy
utility,369.4585,18.346558,rvddznhjqs,128281
luxury,406.7252,-123.29382,11,very hard
essential,328.1742,-1260.3347
utility,350.80597,419.92517,bpuisqhelh,471443
essential,296.76508,-498.99292
utility,281.98383,-463.03937,bowonqumvs,066081
essential,335.84192,-221.81921
essential,207.88522,-1434.9044
utility,345.77765,-1183.5059,yynphesmfp,183178
utility,327.2568,-422.80072,agtplyvthr,736989
utility,218.63191,-632.9263,wnrkhrtdcu,865582
essential,180.42545,-595.0669
utility,365.73233,788.2444,zguajscrge,294062
essential,253.01929,-1018.3108
utility,219.4661,144.25745,llgllznvot,111731
utility,285.89948,-1049.2792,dhrkozgajq,231102
luxury,427.252,-631.01483,1,almost impossible
luxury,350.23044,337.92285,11,medium
essential,334.84152,-1126.374
luxury,367.46475,343.54703,4,almost impossible
essential,165.02655,61.433136
luxury,289.39444,272.58453,10,very hard
utility,219.10587,-392.4052,kaooimjdgb,478930
essential,200.18565,-494.37738
utility,321.03085,-956.9839,rwtziepolq,194958
utility,295.4835,-61.9422,yvwyznoapv,953140
utility,312.6314,-329.68808,ssqyoqbxob,104581
utility,211.21382,-85.695984,uaqpiugqos,342547
essential,217.67474,-438.7438
essential,329.1573,375.39737
essential,202.05576,-1311.8549
utility,350.00867,-896.6427,wjpiecdiru,876888
utility,344.80704,223.7904,ajvctpurqd,454461
utility,204.45139,634.55164,jplvsvqmlx,823889
utility,362.52533,-23.837952,rdhcgvpwgu,427267
utility,375.45776,-57.022583,xqsfduhnhq,993325
utility,356.5897,-930.9539,jgsokcowlw,336165
utility,379.46347,-986.0723,kvfpldnxax,666334
utility,276.4622,-500.45746,hsquthdmxr,482174
essential,247.7198,-1671.9692
utility,236.7002,-920.29315,xnlmcykpof,284739
utility,397.26788,96.70947,ovvyzivxff,916916
utility,279.96692,-1167.2773,xpqooslpgz,285438
utility,212.02684,-343.80594,rodhzeocgo,255117
essential,232.64838,-1340.4052
essential,315.75934,18.841919
essential,234.54962,547.02277
utility,359.4989,-1000.18604,ewibrmgqfc,105756
utility,372.09723,-1267.4805,svynafglky,982401
utility,374.44412,-873.8248,srqtuthyjd,180880
utility,253.94403,-391.3592,lqobbhrzyr,338474
utility,270.8155,-1428.2563,plifmczils,506614
luxury,320.08398,-1210.9558,8,almost impossible
essential,304.10873,451.20972
utility,282.29803,-172.76024,voegwhiyqn,499815
utility,323.03912,-1770.6438,uydewwuhry,766604
utility,219.64534,-1525.7144,fncxetnerf,726481
essential,338.08307,-61.684692
essential,250.79941,-268.84714
essential,150.8072,-664.6549
utility,233.03764,-252.23596,pgqpdeyeom,078441
utility,240.85806,377.6921,dxuqljdgmu,204483
utility,355.66815,-922.3214,wyejocwejx,757391
luxury,365.76434,767.0778,2,medium
utility,374.46442,180.97083,pqcqglvdof,116821
luxury,407.83603,-506.8639,10,very easy
utility,223.72903,-114.07895,xayjqdvjfk,255246
utility,227.68637,-1834.1205,odtdowmhmf,672679
essential,262.35333,-188.6369
essential,335.38684,-359.94565
luxury,351.0324,275.3709,7,hard
utility,288.2524,-1217.0564,vttdpeijno,687000
utility,393.19254,-311.49158,qffplnlsxx,929773
essential,290.98096,-218.32095
luxury,403.77448,-1392.9359,6,very hard
luxury,251.12068,-1650.8081,5,very easy
utility,391.18256,-1202.4976,wktdahnzda,872497
essential,271.41193,-94.71472
utility,398.48682,-1319.3022,qrzdretiwg,504081
utility,233.34955,-673.1318,wpnxviiewy,310667
utility,242.45724,-767.742,oeiyambhns,138232
utility,393.29382,-186.77545,ftabvzbqin,460567
luxury,430.3546,-101.02469,2,almost impossible
utility,320.91656,72.436646,wgwvsikyzn,423743
essential,255.06297,-319.4759
utility,331.31445,-650.1491,mtnfjblzta,148530
essential,309.0033,-262.34442
utility,362.4347,-677.7313,xgpzhlzkxl,897666
utility,248.84195,855.27234,biolhbpiat,953031
utility,218.16272,-1220.927,hlinpaoinq,259396
utility,368.41965,228.37451,zexylciinm,020200
essential,344.41586,-616.39606
utility,364.55396,-1564.2515,znboqjgcpa,872549
luxury,294.5084,743.43286,9,very hard
utility,343.25854,-388.20764,iwwegrmrkm,014397
utility,205.74033,-686.519,ntbtkqhjwa,754196
luxury,399.91486,-481.67346,10,very easy
essential,210.18396,-710.99194
utility,309.22363,-429.1162,jecbodnkyb,191707
essential,348.53268,-397.55496
utility,250.44138,-569.66034,vdqwqnzyhq,094662
utility,204.2926,-554.6206,frhznuueai,996111
essential,315.93054,-1962.284
essential,154.12674,559.81213
luxury,354.08228,-430.95135,10,very easy
utility,319.61108,-1257.2417,mjbbgphquh,295277
utility,351.563,-132.17664,ishlynwwaw,717816
essential,325.1344,-943.5641
utility,382.0569,134.46771,ahtsmsicsn,920496
utility,367.43756,821.05634,zpdkzakult,454095
luxury,398.12506,-866.8206,6,almost impossible
utility,320.2686,-1155.1442,dvbrpqunwj,150493
utility,267.02097,-1187.1293,hahquxwgoo,615962
utility,366.38928,-1575.3234,llfvcforwv,180841
luxury,443.46747,-311.4748,1,very easy
essential,300.52368,702.2656
essential,346.98828,-149.97626
utility,398.56363,-326.2448,houzkiaulz,282950
utility,373.54248,-296.84357,ncikjnulxj,713559
utility,374.03894,228.1375,cvufkbdnga,839957
utility,219.31708,66.25476,gmqwnohpse,488995
utility,304.44675,-441.2038,sjpptdrffw,579688
essential,345.15363,276.9079
utility,369.4881,279.0678,gguftdklqj,150289
luxury,402.51782,787.1336,8,easy
essential,292.2906,-58.97699
utility,360.0408,91.43628,vkhnoikbrw,021781
utility,328.29846,-586.1423,abytimhobj,997625
utility,390.3503,-130.90167,pprtmsvqzx,695662
luxury,417.833,-508.57336,9,medium
essential,307.5426,-1233.0862
essential,259.35013,-827.62823
essential,275.24997,317.8255
utility,377.2216,396.53604,jogqbahatx,150463
utility,284.38132,-1290.7778,jxhxygftae,631289
essential,261.35187,-645.0572
essential,243.32785,-1038.4745
utility,270.7063,-715.7389,xqipqlsqdp,800570
essential,240.51108,-45.345604
utility,257.86725,858.93866,dordiwbojk,906395
luxury,286.36096,-172.90443,3,very hard
essential,293.15857,-356.5061
luxury,347.6759,-1633.3396,1,almost impossible
utility,265.00082,-1741.1593,iawctdltvn,436125
essential,261.32587,-1307.298
luxury,399.96136,-84.1595,10,very easy
utility,222.66464,-129.81122,htvcyxrqtn,670440
luxury,305.09085,-600.62085,8,hard
utility,341.00092,-269.03278,yfxwlyqpzu,125214
utility,270.82782,135.44373,lbkofxqndc,099884
utility,302.37537,-238.23212,gpjlbqodgq,399454
essential,342.6526,-923.8356
utility,322.085,53.271423,cojkulkmwc,033634
essential,155.10611,-1025.368
essential,239.92404,-358.25824
essential,326.46747,-829.0714
utility,339.1536,402.844,nqdrvzlnsy,582910
luxury,325.19464,63.262817,3,almost impossible
luxury,366.47705,-283.44427,8,very easy
utility,221.64545,-771.0409,ikqtuqzntm,898343
utility,318.63647,-69.91681,hhkeumyeoq,914204
luxury,270.3304,-288.8525,9,almost impossible
essential,280.05914,-1071.46
utility,340.8164,-146.8587,dsthujaftr,857801
utility,389.299,-268.28412,uueansjsws,027559
utility,254.30386,-1349.2063,uhlinuwwyq,115776
essential,176.4082,292.38235
essential,347.11066,79.717514
essential,284.5829,54.198334
luxury,361.20575,-1366.5059,5,very easy
utility,247.41849,-879.7603,dbhigworbv,621063
essential,238.26901,-338.0739
luxury,415.44705,704.782,11,medium
utility,386.46472,60.33899,nzmramtavu,594379
essential,207.04446,-822.69055
essential,226.61401,62.38678
essential,252.75488,-84.22394
luxury,366.62936,-538.90717,2,very easy
utility,312.12732,-1531.8987,ktpiqocljf,963850
luxury,373.1698,-62.197388,1,almost impossible
essential,321.51633,-853.2987
luxury,306.29907,667.9855,8,very easy
essential,264.43945,441.91342
essential,184.98595,-1913.0085
utility,370.9673,-469.61197,hljetlnqei,048946
utility,231.32315,168.15805,ragtszwouk,067849
utility,229.21907,340.3288,jkfntkyvir,808076
utility,268.7823,474.058,imwsbnblkc,248409
utility,236.88356,-668.6208,esodytaaxi,624504
essential,160.42043,-51.858826
luxury,438.8695,-839.44794,1,almost impossible
luxury,284.9124,-14.361572,8,very hard
utility,228.79495,-1024.4607,rhjxsedfpj,541916
essential,246.13763,381.7774
essential,164.47311,50.483093
utility,219.40625,914.7671,pgrbwvpvsw,729466
utility,284.54608,-19.956787,pyewhkhvdi,171303
luxury,415.86288,53.336365,2,very easy
utility,240.07162,618.87537,agvyxbxrnc,544329
luxury,416.74457,-1707.7659,8,almost impossible
essential,196.49994,-1184.4266
utility,206.929,-647.2814,uuisnssifm,940186
utility,209.87906,-377.85828,quvsyinaek,192959
utility,399.89117,624.75336,gubfgnpbtq,436636
utility,202.13301,-1003.9104,yueqvjlxbs,876077
essential,151.64299,426.8564
utility,303.27124,550.7522,tmktmhjfgb,873587
essential,268.61554,-392.2976
utility,340.41827,-1002.72,krmdhpocmx,914637
utility,237.06717,-578.1405,wspzuiqdiv,019884
luxury,407.6427,-1375.0579,11,almost impossible
essential,279.487,-1320.0183
essential,198.74362,239.53583
utility,219.79765,484.11163,feqblqdrov,942463
utility,393.96375,-287.57916,bumyszgoly,710165
utility,377.04562,737.6518,pvekejxhzp,078799
utility,377.0302,-540.91516,sayebxodjq,680558
utility,269.06476,-1503.3599,kufbjadkny,590839
utility,397.86438,262.27637,ttfkohrjkj,999763
utility,346.91785,-840.50085,eummjyzidb,229055
utility,369.77686,-604.9557,xchmxzliki,815379
essential,259.8692,42.2818
utility,285.64728,-1672.8368,aewqtgxfil,170269
essential,220.75403,-1897.5665
essential,311.6037,-551.27716
essential,201.82816,-498.7948
utility,257.71887,-657.6134,qzsadjaxyd,689048
utility,374.7535,-1815.2866,gmssppmlax,201898
essential,198.28831,-122.30298
utility,226.77751,-1336.547,mwszrsakdv,954992
essential,272.05725,-130.20111
luxury,345.26007,-214.08026,6,almost impossible
essential,335.6736,48.496613
utility,204.01018,-1328.8011,ilafdkiccd,112888
utility,353.3926,638.43774,kicbhjhbtq,054821
utility,378.53235,162.46326,tkwpvvakuw,356869
luxury,298.88202,-943.9824,7,almost impossible
utility,286.26794,-1188.1979,vdjtqqadgn,630622
utility,283.5605,-24.935852,yfprtqlqfy,031332
utility,337.30988,-1052.5905,raejirqbkx,002555
utility,353.5432,0.36956787,eadxofnmxk,897974
essential,225.75421,-336.07468
utility,348.60754,-1042.4799,ithgiwdxpd,689923
utility,359.1511,916.21985,ayvnfcuvmz,930443
utility,309.64883,-437.4486,mmwcwmwkcp,933385
utility,228.61081,172.87091,jqdhydrgds,230722
utility,364.90424,-513.4942,nqyvsfjkkx,355317
utility,299.21915,-427.6134,dqlttklvjj,317116
essential,181.50839,-73.747375
utility,355.5204,-335.04773,pzebcdbxbt,161796
essential,347.95795,90.67113
utility,226.14601,232.92053,cjigkrluxp,053454
utility,294.65656,-701.9882,rphioobrcs,962601
luxury,400.22134,-679.24316,10,almost impossible
utility,391.3818,-934.8552,suvwivpxky,285106
luxury,260.33432,379.4104,8,medium
luxury,382.0005,247.9819,8,easy
utility,369.60803,212.47208,ktawbpbfqh,138127
essential,322.7173,-528.7065
utility,229.18344,-1268.8528,eaysidetgd,846402
essential,293.04398,886.7666
essential,330.386,-797.1054
essential,184.09302,-426.20984
utility,229.98715,-624.1745,ridxpmeuyx,811919
utility,260.83258,-1219.8652,msftirkjxh,848202
utility,229.75175,-696.23914,ardeqqyvfs,838982
luxury,431.74402,88.54346,2,almost impossible
utility,206.18886,96.34082,hrkoefmplf,628054
utility,299.13513,609.16406,relzpgtzxo,412947
utility,260.4538,-915.6042,rtcducqjrw,693955
utility,275.5047,-1642.4374,bijgoujzyy,079685
luxury,340.34796,-698.00275,6,almost impossible
utility,348.6365,-1159.7931,ktgprhgjru,758435
essential,220.37204,-1040.8258
utility,361.4131,-204.00836,oonpynkpns,243693
essential,304.36316,-757.59705
utility,328.09146,-1424.9565,tlxvggzypc,831013
utility,230.38387,-1158.2546,wpyrlfbhad,542472
utility,246.87541,-1836.6931,ztunzsdayw,120661
essential,223.52393,-1003.3924
essential,157.11528,-311.64008
utility,379.01697,701.78046,xksphtxtwf,351365
utility,373.59448,92.16214,massnolquj,259350
essential,315.10095,-690.599
utility,388.75598,-231.64935,bxhgbkcsgt,660128
utility,317.93777,-460.74655,ddjdjscbus,616646
essential,325.2086,-951.1417
utility,375.98874,-392.85873,ukvvogxcee,841875
essential,209.44434,-1797.8905
essential,227.22137,-911.8048
utility,280.8516,884.0791,aaynxjckfv,224018
utility,326.6819,-1519.1227,cjxlfeltna,300325
luxury,290.7732,-508.5428,7,very hard
essential,193.55585,27.381989
utility,285.1257,638.61414,ylgektocgq,626883
essential,303.75165,-1194.4412
essential,267.122,-1248.4303
utility,237.39105,70.02713,kcxzhbxlds,681310
utility,373.68707,-170.23366,uakmsouozs,561969
essential,259.7007,-443.29803
utility,308.43143,-424.61557,bulwmcukka,459961
essential,275.13217,-1265.7917
utility,342.2931,-1094.7087,ktmuerauov,532268
essential,220.46362,-347.03952
essential,321.47827,-946.938
utility,245.78714,-814.6565,ftrnojyzov,226994
utility,239.21289,548.32935,grybjakduu,967129
essential,209.06061,-732.8518
utility,312.68182,-839.28937,kycxhehwlm,791268
utility,269.30096,-280.66965,yxajhcpgpw,007666
utility,385.2458,-282.15027,rtnbforuog,103857
luxury,311.52905,-1570.3657,10,very easy
luxury,275.13757,597.41064,6,easy
utility,244.9899,455.49396,daennkxelw,370594
essential,250.22337,-987.2825
luxury,335.5867,-1010.58777,3,hard
luxury,336.40982,-558.8238,8,medium
utility,360.08722,-203.21173,xfzoorwwga,539589
luxury,269.35565,-1380.8168,10,almost impossible
utility,311.23636,-691.01385,qnrkiyuzuy,114674
luxury,383.43433,109.97653,1,very easy
utility,345.2541,159.40805,zqftsiwiev,640800
utility,301.54028,-636.8121,myadsvvayj,472914
utility,371.43927,-295.7177,ylcueyfdof,182051
luxury,433.20715,-186.14493,6,almost impossible
essential,259.609,-610.1135
essential,259.7255,-439.12866
utility,339.2777,680.08765,pcplliuvor,997443
utility,269.86456,-463.7339,hdglishlmj,052608
essential,168.90175,-1113.1145
utility,362.0368,-740.97064,uuctgqxkns,091544
utility,380.159,-416.84924,bwztjoncin,998132
luxury,311.91513,-997.39355,8,almost impossible
essential,163.37013,-189.41676
utility,271.66315,-399.78857,wxfnxbzlni,414811
essential,227.02377,-227.60178
essential,221.05556,-444.82193
utility,256.79443,663.3588,atymoduxjz,729398
luxury,388.14606,-1249.9766,8,very easy
essential,340.94254,-404.18436
utility,326.60126,-534.1274,lskcwxmbaq,504003
essential,171.59764,-1852.6538
luxury,379.27106,73.467545,3,almost impossible
utility,283.96808,-650.60944,wwwruljoxv,611970
utility,288.00543,335.66953,uvtswfxbkv,325562
utility,368.2959,-713.7331,yrarkschrm,735133
utility,216.60301,-888.1094,kyhuhzyskc,510749
utility,209.93144,534.53406,auvjlwwqbz,818839
utility,339.5183,767.3962,ffrzgjduqc,989762
essential,164.62335,-473.6728
essential,284.49857,-623.26685
essential,195.42677,-751.47675
utility,213.21097,339.73456,vaioxkgwtb,393199
utility,388.55017,558.925,xwscpvayzz,688956
utility,245.1055,-398.49622,exhpmoydpf,553135
utility,337.73993,-793.18896,kumbexvigu,938454
essential,155.55463,522.454
utility,331.10474,85.210625,uebfnwlxte,618048
utility,324.1802,-1197.7092,jezdrevuhz,196632
essential,272.77164,-226.69954
utility,215.67973,-1164.1428,cybuehaokr,482834
utility,328.62982,-636.24725,dugbulnjjs,765315
luxury,389.79523,-657.67847,9,very easy
utility,393.299,-1377.4275,lcpnnpbczx,462737
utility,268.71838,-516.9133,kpxydsrxdj,482029
utility,399.9358,-1043.2804,wzfkzykcbh,400925
utility,334.69556,-1356.0433,eopbhevtca,441862
utility,243.96637,-1319.3428,yipyppwpqu,086297
essential,283.6371,-665.264
utility,263.01022,-1113.7653,fegqxmumas,965128
utility,301.3801,141.09656,scqvktxmov,793361
utility,385.65506,-958.2871,luxzwmdsbm,230628
essential,335.27524,-22.2966
essential,257.95483,-753.38855
utility,334.23065,-513.4189,znvdnqdxbe,247258
essential,321.46814,-153.58168
essential,340.47372,255.05896
utility,243.04077,-1077.6191,uldunnodsm,484584
luxury,326.94083,-106.971954,10,almost impossible
utility,338.16064,-940.2989,tuvrskredf,127782
utility,263.33524,-1278.0399,rtqollypxm,516386
utility,357.59314,-1015.33875,cndqcycluw,115370
utility,357.45386,-1391.3198,agcwafqwhe,289447
essential,225.23502,-207.03607
utility,367.57318,-301.1023,najehpovxz,698474
essential,327.8871,-1435.983
essential,339.03445,-1608.9603
essential,323.24014,719.01794
utility,359.41803,-319.72876,dujvpnwteg,263130
essential,347.9234,-482.38525
essential,297.5869,-836.8245
luxury,267.3318,160.303,11,medium
essential,312.22986,-1540.8745
luxury,368.6314,-1212.323,11,very hard
utility,225.9493,455.04486,negkefqeje,882977
luxury,401.16025,-723.9825,5,hard
utility,277.79175,501.11972,qxtlilqvqx,876126
essential,270.2854,-981.2843
utility,245.72342,-546.84344,afeszfrmrm,737394
utility,232.3999,168.63501,mcgivlurks,052410
utility,237.28348,-562.37225,rzamgysago,879608
utility,214.23686,-1615.9567,izkgiyqqkp,893696
essential,284.1465,-793.17914
luxury,375.59473,-738.96497,2,easy
essential,328.752,-77.79889
essential,156.79239,-244.27191
utility,372.3189,-625.52655,uttyndglle,143192
utility,281.39172,250.14905,lkeweqyvau,506276
essential,209.85284,-504.63922
luxury,328.07498,-1372.3507,3,hard
luxury,332.8094,-1132.4417,7,almost impossible
utility,365.7303,-1608.693,unsjlqpzoy,383328
essential,290.09427,52.020416
luxury,342.18982,715.8599,4,very easy
utility,223.10208,-136.45117,kqyelyglak,724746
luxury,304.50653,-741.95496,1,almost impossible
luxury,417.79108,-1089.9766,5,almost impossible
luxury,282.26593,-587.89185,2,very hard
luxury,447.52167,-1013.47,1,easy
utility,242.88213,-1222.9595,kdqufkbhfk,984112
utility,273.69946,39.31349,sjuaiaeezu,701976
utility,292.4319,-164.6347,bkkqyvwfja,308973
essential,345.34836,-270.55353
utility,323.38242,-356.1375,krfywjahyq,566963
essential,200.6992,-809.87476
luxury,276.89954,-470.01953,8,easy
utility,393.57495,-1258.0818,yxglrdruum,192228
utility,242.6998,-699.96826,irswqdcjin,579074
utility,213.04936,-28.7594,zpupltirab,158244
utility,371.625,149.06506,qiyaftlbrz,032608
utility,250.42125,468.5358,ldqdpjxcdl,791689
utility,311.5464,-975.73254,darzbborvi,604548
essential,195.4279,-392.58548
utility,279.44934,-1356.5757,fpvbudajve,293436
utility,312.37967,-1047.7297,tugxdfyhwx,001801
utility,326.1421,-185.76917,edsytxoxgb,352411
utility,399.51825,-106.09653,whhllnrpyr,401358
essential,268.9353,452.58484
utility,290.5512,326.89978,qzbazrzptp,303497
essential,219.73337,-1010.6563
luxury,440.1745,-1383.5605,9,almost impossible
essential,154.62172,186.64963
