luxury,410.0758,545.8639,4,almost impossible
luxury,434.12445,-507.83472,8,very easy
essential,252.20271,-1187.8947
essential,169.80643,-736.7152
luxury,441.44873,-1360.5376,1,almost impossible
utility,216.87863,-26.754623,nakhzgmnyd,078750
essential,278.00357,-1778.5831
utility,270.02698,-877.046,bkedkmtmqz,968793
utility,233.09021,-657.3888,zlfegyslzx,182016
utility,347.7489,-978.9548,yfkqtaupvk,076257
utility,222.00952,-27.524536,czgpqzaylg,385783
utility,301.33197,-639.499,hbndxzmewb,660656
essential,187.60556,865.2605
utility,317.73267,924.74774,eddyuocbwg,323118
luxury,384.7718,-834.49335,10,very easy
essential,246.927,534.2047
utility,215.1604,-294.03387,rmwqjbcofx,501970
luxury,346.32376,659.0746,5,easy
luxury,338.08258,-953.70886,7,easy
utility,335.43402,-691.6554,njmerocghc,741586
luxury,275.45035,-949.65015,2,medium
utility,249.91452,567.6599,pbkqwznaba,608666
utility,378.28394,-1039.2996,fledhnvmpg,515266
utility,380.38464,-200.64713,icvoggwvmp,245255
essential,346.35104,395.58112
essential,160.72363,-95.42438
utility,282.00995,228.24423,spgkaysmum,142711
essential,264.62393,-279.63733
utility,235.38025,257.39996,pcbfypuxkr,041354
essential,245.24817,-518.366
luxury,322.0945,-313.87128,10,hard
essential,252.54889,419.86935
essential,245.65302,-1159.4038
essential,283.09692,213.46375
utility,353.9107,-1710.6171,vvxgccalzn,443701
essential,306.35382,-168.50665
essential,182.4509,-532.77606
luxury,443.01172,-1135.3542,8,almost impossible
utility,293.54138,-831.31494,buqxzyzozp,822262
essential,299.9862,598.10065
utility,236.7187,689.6662,zzqkzhgozm,700920
utility,338.11328,-1551.9515,pqerqkrvqf,691148
utility,261.91785,-832.4521,cihyegsogz,248657
essential,326.3565,53.938965
luxury,338.81277,-1538.5448,10,almost impossible
utility,348.34277,370.2745,fuuvflrkty,698134
utility,330.26602,-1263.9022,kvxfceergl,348974
utility,207.97249,332.52948,qlmcmsjyrt,625358
essential,216.55182,415.5912
utility,388.7523,261.63525,ddrivrdtln,847464
utility,362.39874,-340.22562,xiptyuvmoz,644972
essential,287.42798,-983.95984
utility,289.78223,253.49756,juytbqajlo,779729
luxury,420.0466,-1074.3025,4,very easy
utility,316.86755,612.44196,vpdsndqozv,920745
utility,373.79285,-579.3868,sqdqwmhpfw,372062
essential,262.5147,-179.4274
utility,252.71817,-351.5381,yhwmkacgbu,004841
utility,322.83075,535.6128,kaxojnotrx,535820
essential,271.6318,-211.49022
utility,346.25665,-731.8766,vdzcdagsew,097058
utility,316.31244,63.834045,jflbuikyih,731814
luxury,405.62793,-375.54572,5,medium
essential,253.12178,816.86224
utility,202.14871,-1460.8896,wnwkgkvknk,957355
utility,226.07056,-101.12811,fhgwqnbbfb,840369
essential,277.3059,-1296.2252
essential,163.57768,570.4823
utility,297.80188,-157.22742,nshwjzmqif,981787
utility,212.61092,60.38707,cnxxyfkvsj,865052
utility,215.34195,-1343.2383,dyloddhxwf,613646
luxury,424.69122,101.5607,4,very hard
utility,233.63425,-789.6405,pmlcbdvxtl,231616
essential,247.6705,-1037.7849
utility,260.91357,-956.14453,arnynsbsuw,755814
utility,390.5636,-571.37,krwzgsmznd,292786
utility,255.92282,-812.4057,aijvyqjeyb,665447
utility,297.00943,-277.16107,iivtyajfmj,993056
utility,307.5185,-1357.3677,msijdjeevh,658734
utility,384.12985,-1566.4446,mcvhkfejhn,455502
utility,364.07257,-593.92456,lfkpxjpxht,222494
essential,155.34796,-0.7584839
utility,374.21936,-926.9367,lexjygxmyg,606898
utility,211.28049,405.17755,cgmibegvat,818970
utility,383.05484,-643.9126,ntfxihqymr,973107
utility,212.90825,-884.29614,kpcwzlszec,638875
utility,288.4537,-1638.3623,inqbupgwkc,935488
utility,293.7126,-1890.2313,ziflagkdzb,377136
luxury,358.26874,-903.13306,3,almost impossible
luxury,363.63187,-979.7521,3,very easy
utility,320.31467,-469.70157,pjvevbgpzo,082965
utility,339.85162,-1140.7848,fueupdgbma,459243
utility,249.076,492.69257,lufngalcec,348515
luxury,400.58124,-1344.5256,11,very easy
utility,377.78204,-1607.7731,bgqjiveehw,003708
luxury,426.7587,416.06586,4,almost impossible
utility,345.59894,-363.23853,nqrmgnnpyk,697578
essential,301.60486,-575.484
essential,276.39203,-1543.29
utility,363.6707,-494.89124,ukyfpzgijf,185149
luxury,386.35333,517.25635,8,almost impossible
essential,340.35675,226.7268
utility,295.1795,442.02448,mlnnwjnsht,559325
utility,346.39453,-331.00275,eaoekkvsoc,187224
luxury,358.42868,411.79953,10,hard
utility,219.00974,-246.65387,qbuookkfgf,841887
essential,223.51334,-1288.4414
essential,171.89833,-270.6867
utility,369.8215,-285.14404,bglhotlbdd,508980
utility,375.97458,-1038.2478,ilwoivrytm,911056
utility,213.54205,-788.3383,btyvfdtczd,997071
luxury,345.2802,173.98499,9,almost impossible
essential,198.11469,-147.14478
utility,355.59845,-1395.8424,xhjzylzboj,629599
utility,295.01053,-273.23358,tqszjutiat,648332
utility,312.31824,-1309.9757,egsyctkmjp,263537
essential,280.49777,-376.1952
utility,384.21948,-588.19666,cbugxuskdc,217907
utility,324.8303,-34.269714,ophpferrdz,749945
essential,202.81915,569.7932
utility,345.94446,-690.5284,urxyniygvj,439663
essential,194.73972,-578.571
utility,228.88098,79.85347,fuvbqcinny,954898
essential,208.05524,-138.80519
utility,313.75574,512.1438,sjsyzkxtrh,810563
utility,206.77899,-1490.8389,yosycfggfg,330540
essential,210.08267,-551.2623
utility,381.4468,-843.0656,wbtrfnzjwz,698871
utility,226.94186,335.73022,fvxytyfwml,722022
utility,202.57631,778.22107,scplxpgnlb,053640
utility,206.38611,-262.0551,vhhddtyvjc,664306
utility,330.0921,-379.55692,wtxrmkifjg,666945
luxury,396.97595,124.75336,11,very easy
utility,218.37756,264.4,eunulbglii,293429
luxury,303.54205,-1445.6995,5,almost impossible
essential,271.83057,-570.1885
luxury,322.50815,-458.6101,11,medium
utility,372.10834,-1454.9844,awnxacclfg,599513
essential,247.72446,565.4673
luxury,290.20627,-1100.8164,1,hard
utility,355.14038,228.5665,oqgiqmzkpf,726916
utility,259.53265,-230.40918,bplgixayjy,551608
utility,369.10788,-1425.9137,dhzbpaazif,927781
essential,321.12408,65.604614
utility,340.86957,699.6059,vwidlpfgam,946501
utility,337.37946,-856.07733,ktdolqkhuo,233024
utility,295.90808,-254.53857,vkelklwmjd,594515
essential,308.62686,-670.3782
essential,162.2604,-670.61426
luxury,415.18274,-321.96387,9,very hard
luxury,340.47104,-536.1335,11,very hard
utility,380.81525,340.9419,mvdsdwmvru,494589
luxury,397.6986,-608.0888,5,almost impossible
utility,396.81165,-945.77094,gncryzbepy,314673
essential,241.70586,-477.24634
essential,188.09793,-1091.2646
utility,282.67548,-147.13168,dnaicklnhk,158073
utility,277.10873,448.38678,vxnjtuqivl,118342
essential,270.04544,-86.035675
utility,258.85138,95.38275,opdtzhecyw,836137
utility,234.24016,-54.808563,nukmcuznxm,168620
utility,250.43568,-705.85236,lxqgwdtchg,272081
utility,332.8363,-14.175175,pltzsyevrn,710434
utility,364.36798,-969.662,tzqweddajo,067763
utility,232.2933,-821.5106,kncrpsuqmf,525228
utility,307.28732,102.92389,etyyupprpt,002277
utility,207.6529,284.47595,pycezlbchm,174104
essential,190.90083,227.43835
luxury,346.32666,392.065,2,very easy
utility,290.2436,-1379.7747,qjluqoogwj,601770
utility,227.97278,839.4145,mimsqxrqvj,003768
essential,181.83174,-1459.033
essential,294.03494,-612.8944
utility,255.92038,-500.1004,ghhktuhbtt,648974
luxury,305.68823,-493.84296,3,easy
utility,262.0697,-1015.885,qrzavotnxu,436715
luxury,406.3755,-342.2414,8,very easy
essential,259.2799,-530.249
utility,364.88556,-39.72296,yyatpmfajm,207886
utility,360.42267,-216.82721,cdowufnpfm,845100
luxury,382.61926,-406.74713,8,almost impossible
essential,261.09982,-588.2925
essential,332.0667,774.04297
utility,249.18155,514.61194,ifxuaayqqw,539010
utility,399.63834,-186.89355,cgxknrznqp,152765
luxury,361.38385,-182.69489,4,almost impossible
essential,223.50232,-1712.9734
utility,344.4627,258.18134,jetzwrchla,066260
utility,395.62848,-949.2043,oexpxfettj,690035
utility,292.67108,-125.58656,snvgqhxhoh,013366
utility,393.53674,-476.41513,lujqgcljvo,687483
essential,185.02539,406.99716
essential,282.29138,-135.1842
essential,259.1172,-141.41571
utility,356.39764,-831.2219,dplksvqslj,108358
essential,344.9079,-76.758606
luxury,253.62569,-245.89499,7,easy
utility,339.55682,-1240.3146,ixfmzjahxe,936481
utility,270.63104,-9.485779,mfjbaqkfgn,422878
utility,344.2885,-8.401428,glnmhbbpqw,742332
utility,354.98624,-1598.4413,hkcfstqswx,539309
essential,328.92706,-67.98395
essential,269.36694,421.06744
essential,183.88564,-1066.3782
utility,311.70068,-1291.3567,bagfaqjqfq,284936
essential,178.48882,-433.72247
utility,348.73016,185.57602,ucjkvrpqlz,799430
utility,354.34808,96.314514,zzhcxjzxwm,582804
essential,282.469,-1297.8683
utility,338.6382,-562.2218,brqaeorkbx,229600
essential,210.84073,-67.492676
utility,382.50763,-633.2485,wovvpekqyz,973068
utility,211.53381,-964.4352,uwsjfofroh,294190
utility,257.17053,-1094.9905,ecysxghlwo,608935
utility,203.09674,-1044.965,zgauzdkydr,314707
essential,219.42809,-1075.1458
utility,283.43436,-456.06226,eepncgpvcu,035838
essential,283.01917,-1480.8501
utility,262.09924,-163.64105,hdybyjgson,028005
utility,250.84787,-611.4208,sbikburflo,118122
luxury,415.35803,244.22495,7,easy
utility,390.4058,-1126.2566,rqpxgonvqt,714427
luxury,273.9475,17.681236,5,almost impossible
utility,357.8323,24.213776,wketonpqxz,389167
luxury,390.63275,330.0929,8,medium
utility,334.39456,-117.332275,xrhkiscgvl,321749
utility,287.8081,780.44727,yejctkpdvc,841366
utility,268.50543,-56.250122,mvfdkhqoag,251483
essential,197.2039,-966.6604
utility,391.82727,-688.0023,jtthonlgza,274517
utility,294.61252,410.02383,kjpquceemm,864595
luxury,331.56082,972.9762,10,almost impossible
utility,369.84256,122.49727,yxczrdbcku,371392
essential,288.0732,-798.1281
utility,325.94452,-1841.8766,zqcbvjutvd,897804
essential,242.64403,-833.2213
essential,317.9488,-431.51978
essential,327.61774,-1074.0592
luxury,349.45282,-730.1186,8,medium
utility,231.5063,587.0855,ftioiirhtz,292169
utility,260.52972,-98.85651,yllukqcavb,509839
essential,181.76202,-442.6068
essential,310.68704,251.12593
essential,169.6381,-1156.9072
utility,230.93341,-335.234,coclotcdme,690711
utility,271.58478,307.6834,sbjnmmxmfk,800504
luxury,438.0553,-1285.4412,10,almost impossible
utility,277.10187,-910.83765,xchqzyevob,125846
essential,312.61078,-616.9581
utility,378.56024,530.3801,dcgrkixuwb,150669
utility,283.7362,-9.022949,lwedmkfmke,799710
utility,310.85162,-1380.7487,tbrvdbtvnl,232633
essential,238.07439,-1064.855
essential,247.95016,366.12616
luxury,442.05707,-40.26825,11,medium
luxury,426.10248,-640.4814,7,hard
utility,262.68616,-1651.4125,mgnzfcfuxw,166340
utility,256.40372,-736.75525,rmwyzxywvf,204642
utility,276.60843,-1418.323,rlcxtutces,168094
essential,176.10577,494.3772
utility,374.57306,-723.4137,rkysrxluvu,810522
essential,182.57278,-448.22852
utility,244.80779,-978.62244,hqrkgsdaae,282071
luxury,250.79065,-662.304,7,almost impossible
utility,299.18634,-1146.0261,lltwupygak,851072
essential,254.05318,-413.08694
utility,361.56097,555.56476,nmvseiqwkb,783545
essential,303.09268,-1351.5963
essential,187.56625,936.3835
essential,289.8533,98.349335
utility,314.2531,-322.73877,tfzefzhgwu,582922
utility,306.56198,-802.3859,azgoogibmd,950969
utility,293.54245,-1128.3955,eembwhbich,201828
luxury,288.70734,746.40955,5,almost impossible
utility,314.1955,-654.80725,vgsokhwcgh,545415
luxury,437.72205,-254.32706,11,easy
essential,223.48727,-727.9382
essential,344.04865,-1295.2587
essential,299.34323,39.727325
utility,287.9095,-1083.2772,vvpfhmxvoi,665665
utility,291.39795,-325.29776,yertwissfb,642890
luxury,427.52502,737.5676,1,almost impossible
utility,276.6567,-708.55817,cuemrlkdsk,549858
utility,355.75647,-823.70856,wqaopgeawy,963908
utility,301.47095,-387.00897,btjbaamdfp,107689
luxury,347.28702,110.98193,6,easy
essential,219.53094,260.472
luxury,357.38568,-157.63309,8,very easy
luxury,440.17856,-850.5016,9,hard
essential,291.00507,-467.30338
essential,315.53134,-893.3231
utility,228.9579,-295.47595,uwisajotij,511384
utility,264.3889,-160.83301,ejlglcczqo,648669
essential,284.2772,-767.9124
essential,325.20795,-1854.0076
essential,269.25232,865.7644
essential,181.35873,-19.978394
essential,313.43884,-1164.5334
luxury,250.11687,104.37042,7,almost impossible
luxury,257.38773,431.88608,10,almost impossible
utility,305.24976,505.5941,bzwyjisfat,260267
essential,194.60939,-621.4311
luxury,363.02795,-1059.7552,4,almost impossible
utility,237.39966,172.03918,kyhawqntuq,155619
essential,233.92331,-612.7605
essential,248.50446,-1033.7
luxury,392.81833,-929.6712,3,almost impossible
essential,349.9924,142.74747
utility,241.82962,311.1001,fadjbrmoel,712129
luxury,291.1919,-961.0259,11,very hard
luxury,341.34076,-1429.3116,8,almost impossible
utility,380.5684,-1382.6016,hseqkzyilf,718127
essential,348.9429,-225.76959
essential,175.04828,-1346.4231
essential,176.04343,305.33975
essential,159.27501,-721.84607
utility,357.78198,-412.971,aqxembzclk,279286
luxury,311.07123,-323.3524,11,very easy
essential,215.93561,-1566.1118
luxury,358.49335,545.1592,11,easy
essential,271.25986,191.19345
essential,226.74081,143.89563
luxury,382.3285,489.35327,9,very easy
utility,255.51955,-1618.7517,uvxpazzusg,923383
luxury,274.9154,-845.9011,4,almost impossible
essential,230.64365,-760.0126
utility,350.8495,197.67822,mgcxpsvzze,891016
utility,315.204,-797.92,hykoryzqyu,848563
utility,210.37126,-1372.5146,sauzivbyiv,064978
essential,301.40057,-1336.1844
essential,327.55817,-207.56918
utility,318.09918,568.75415,zvlnfyljzs,252423
utility,390.5294,-604.37726,skxqcexpsm,764132
essential,174.27026,-513.59766
essential,206.46423,-375.9579
utility,263.13385,-862.15173,mjkiihvrhu,924234
luxury,328.43414,-349.97604,4,very easy
essential,288.82343,461.53662
essential,223.71002,-387.58517
utility,209.68141,235.60687,jsulvproaj,361422
luxury,305.3098,-673.0111,7,almost impossible
essential,285.62222,-1013.9956
luxury,250.30817,-526.9376,8,medium
utility,321.53616,190.46873,ucutnfjnkp,310117
utility,397.73145,345.1993,ziixccaeit,458350
utility,290.5696,25.44757,ocuphdnfms,595589
utility,382.7698,-92.21149,qpjiwrcfop,480870
utility,362.96088,-125.84076,fffyiczqdm,111218
luxury,280.20013,-124.57306,7,almost impossible
utility,366.08182,-89.41674,qcyofljqwp,634579
utility,248.64548,531.7666,nwbkbgdaau,685531
essential,153.865,-1190.1956
utility,240.76558,-953.00024,dxovdrqgsm,508838
essential,311.7083,-789.4799
utility,350.21808,-101.18837,pcmhgfbpqg,801054
utility,330.81775,93.03552,xrzmnefxol,391707
essential,178.02385,-245.49655
utility,363.10175,413.36456,xtxvvxpjps,764519
utility,280.164,-351.77472,hnuxwwuokh,384988
luxury,427.43842,-1146.3441,2,very easy
utility,223.0892,93.80945,zcezvfqbfg,194021
utility,266.3586,668.9473,cqgzawwooj,056168
luxury,280.2419,10.22113,2,very easy
utility,365.90436,-743.52625,ppxviniqdf,739625
essential,251.09644,-932.2866
essential,236.38206,-1264.6533
luxury,275.0233,-1756.895,3,almost impossible
essential,227.82901,-1380.8154
utility,263.35498,-658.15063,bcyehpvjos,886391
luxury,411.57703,55.935608,7,very easy
utility,245.1209,-161.47922,zocehnxkkv,088370
essential,339.98563,-1568.2241
essential,314.0417,-1048.4647
luxury,311.94458,-186.52405,5,almost impossible
luxury,290.89087,-41.840332,3,very easy
utility,283.85513,-339.31384,zvsbnqlxrx,367044
essential,249.1771,238.68419
utility,291.2897,-307.77884,xrwfolnzei,665927
essential,342.88492,-92.30115
utility,359.20856,-641.7788,qwmwtbflef,949696
luxury,374.22086,-481.48108,5,very easy
utility,398.04846,-483.78528,yqjflfuwzw,204416
utility,255.04857,-331.51007,pwctneehka,989163
utility,285.1904,442.3786,tzgictoccw,157308
essential,319.6356,305.01355
luxury,253.97331,124.38069,10,very easy
utility,318.57574,-1712.6226,kfarmlwopn,090773
essential,294.8491,-357.97766
essential,193.99513,-1376.0864
luxury,264.23444,-280.75427,3,very hard
essential,238.98776,781.4471
utility,225.45938,-1556.8306,kfopcfjnkz,206174
essential,234.60199,-739.84424
utility,383.042,164.58453,vtozlxgknf,955595
essential,262.0398,86.88129
utility,375.6905,-546.4269,qixoxfeuqt,436980
utility,285.0137,201.60382,wkztzyqwdq,258956
utility,323.86487,-258.2232,ownshpdtbd,017979
essential,247.59259,-4.6239014
essential,335.31085,-1366.9462
utility,306.6796,-825.8629,jirahpmfxn,730444
utility,351.3302,-745.3032,hnlqqssism,099430
essential,191.7081,-324.4905
utility,306.50812,-854.7637,puyfmxrfok,193780
luxury,378.4115,-717.1737,7,medium
utility,308.18796,-288.78912,sgwtmilzcr,217827
essential,204.26237,-1137.0358
utility,296.7553,-1336.3922,hfdfsjavfb,829456
essential,316.0681,-903.2127
utility,340.43796,-869.36896,mfjafbmhtx,241366
essential,227.12283,-978.9742
utility,353.10928,-860.5937,zueuylozlk,742381
essential,184.45654,166.9671
essential,342.15906,77.43866
utility,378.06592,-521.6674,oygpnyditd,072662
essential,295.79858,-534.9578
utility,374.20667,-507.52667,kkvyvbuifx,468489
utility,218.31253,-316.60553,sefahlqqik,460029
essential,324.33746,-1344.4994
essential,268.315,-380.63754
utility,205.6787,31.1073,ndgylccqaa,376523
utility,353.10443,219.14722,vhxgnqxnfi,955605
essential,243.23933,-1043.8037
utility,392.38962,69.91901,rhgoygixba,984113
utility,298.6827,-45.234375,ynyxuarpst,321864
essential,191.61937,-715.44434
essential,241.29156,-671.8128
utility,367.44794,20.424423,byehdmolfi,520645
utility,351.09863,-1291.3318,ajkqsggzbr,805604
luxury,357.45068,14.780823,2,very easy
essential,160.55154,72.47174
essential,316.01666,-1049.2236
utility,356.1546,-1181.3721,mxkyzaxixv,436524
luxury,321.01843,814.74927,8,almost impossible
essential,171.26585,-339.15558
utility,320.00568,-23.771729,rforsxqeyf,019951
utility,267.51413,-1335.9877,mxpvzutyov,497775
essential,193.54092,-518.66895
utility,325.08777,338.19153,neukxhveed,865863
luxury,292.92587,-587.97144,1,hard
essential,184.98846,-419.28275
utility,346.8522,-653.2015,pygeqxjqsh,255554
essential,156.79225,-977.75616
essential,279.62708,-74.117424
essential,306.8578,-267.943
utility,294.33246,205.57462,ytdozdbxis,235143
essential,309.24625,-957.17004
utility,221.18036,-784.5575,dtbtxsigcz,397125
luxury,250.52768,-496.22284,11,easy
luxury,432.58746,580.4631,7,almost impossible
essential,204.55154,-562.453
utility,305.67767,307.24298,boyytbnray,892602
essential,218.42856,916.43585
essential,175.80557,-506.62714
utility,200.04997,53.17987,xccorppfas,988753
essential,221.58261,-977.1878
utility,309.35483,-574.74335,iorhhtigry,197560
essential,170.38687,-457.41333
luxury,360.1802,502.3471,9,almost impossible
essential,236.14975,-887.3801
luxury,315.21436,-235.71893,3,very easy
utility,286.48685,90.44594,emedggaykx,372192
essential,339.23175,102.52142
essential,172.88846,-880.2634
utility,265.03015,-392.8164,ofgichutef,594693
essential,150.34824,359.62656
utility,268.50552,-1066.8096,mjrsvoeuue,212051
luxury,440.34564,-1224.7434,5,almost impossible
utility,338.97186,20.779785,rmbeljxouy,340510
utility,389.6712,-820.4562,djonwqizrr,859068
essential,279.48987,-175.25006
utility,205.09877,839.1836,smrlgnvylu,731977
essential,258.62076,-470.2718
essential,198.91187,-131.10883
utility,250.61655,-87.26001,pedmlsrspo,774378
utility,378.49664,-158.24365,okenctknjp,788762
luxury,310.68112,-386.52707,7,almost impossible
utility,273.87122,-697.61926,fbzejrduoh,190241
utility,373.46674,-455.89478,haclikxtxt,285911
essential,153.7388,-500.6095
luxury,439.49152,106.40881,10,very easy
utility,284.94067,-1215.2816,iuircnulwk,014852
utility,213.95972,16.415894,tunjbnkaua,669721
essential,198.23904,553.4796
utility,223.11827,-380.3223,jbjraboiwg,037233
utility,248.9132,-967.5468,awklieonua,519357
utility,386.92657,-1049.3668,keledongoz,133866
utility,299.18167,-1674.6626,tduiekrlaq,756449
utility,362.28018,-991.03546,henqxjrbkd,876726
utility,292.20947,-544.1675,lycscbjndj,454272
utility,316.9821,-1549.9347,jpyiiklssn,799795
essential,166.12589,-193.39957
luxury,345.13895,-811.5747,5,very easy
utility,350.204,-974.31726,dqfarpjrpc,186361
essential,240.4538,-1372.349
utility,331.3569,-1076.3384,dodjetcvrt,720819
essential,284.61035,-336.23187
utility,254.37529,664.7521,wkgzwguwbr,621349
utility,285.87805,-783.71277,njzampfejo,876472
essential,195.65152,-417.49945
utility,239.2474,94.19818,xwotemjibf,852467
utility,391.68384,-313.08203,drbkvgoixx,253856
utility,393.97772,-173.53119,holpdccppo,881681
luxury,288.00046,81.39578,4,very easy
utility,288.98178,-294.23157,kjhyvblbtc,164100
utility,344.89203,-533.8043,obwuzwkafv,979780
luxury,336.8681,-85.915405,7,very hard
utility,289.0965,-1848.5715,acodazxxcs,783323
utility,395.62292,-841.3672,blcfwqhvya,581560
utility,323.35742,-629.34143,iowasuqkzj,858650
utility,287.34705,771.4138,eydnuioxiz,133709
utility,232.30515,-315.0298,onrbekvmxk,909033
luxury,269.47372,-633.5326,3,easy
utility,382.3518,222.31082,nkfpifkbsu,149351
utility,385.9054,293.82028,uxrdbavvto,190346
utility,218.17381,908.4725,hscwkjudtb,031023
utility,371.77368,-863.31055,skiaehjmxd,876901
luxury,363.94247,-373.8253,9,easy
luxury,401.55856,602.27606,3,very hard
luxury,341.2527,210.25525,5,very hard
essential,314.04807,-650.2543
essential,293.7236,-733.7182
essential,289.15152,57.882904
utility,342.4867,-1743.1989,ymbqsmoikv,593711
utility,261.74518,-730.082,jyoiiuxpdp,618551
essential,221.64664,164.97339
essential,256.9291,-1118.026
luxury,371.78864,82.87335,5,almost impossible
essential,199.86699,-1448.3141
utility,242.555,574.3832,eyigapjcno,185863
utility,321.53696,-1240.6052,dseinlgupy,009898
essential,202.1451,-402.18933
utility,390.36127,-378.2708,fuyjjjkzzc,448039
utility,303.96204,-1580.5791,kvlsdidcka,811313
utility,203.71844,360.99414,wvyegaszjl,831617
utility,319.9528,-678.54065,jnpbicnxtq,017506
essential,310.57703,39.75818
utility,272.15607,-764.9243,ricyeogokz,664111
essential,240.45552,-745.107
utility,261.26233,-1123.9316,gxokimlhfk,276798
essential,317.98883,-604.9544
essential,218.25075,-875.04956
essential,183.0904,-959.0254
essential,152.32268,245.33856
essential,264.46286,-119.482605
utility,325.27356,-46.035828,icyvpdxtbp,152245
utility,303.18683,-896.6335,hocbdpgnwz,531697
essential,276.66406,-1139.2256
utility,208.56477,-180.05591,yotevvdiph,705760
essential,247.7404,-1077.9304
essential,215.893,190.85132
utility,347.64502,-710.0738,gozcpyuewr,566034
luxury,440.42505,-1382.9817,3,very easy
essential,275.29596,-1132.8734
essential,152.80536,380.37015
luxury,425.04828,-34.602905,3,very hard
utility,394.52832,-1567.2499,abzyexovwz,779118
utility,379.82452,-188.07513,gyhinswxpt,149460
utility,375.28455,-320.31903,zjbwskfqky,136064
essential,310.9737,-384.05017
luxury,355.32083,-212.30481,11,easy
utility,325.82565,-57.07544,dritmbwbff,363806
utility,235.97726,870.1948,etxrwireor,145496
utility,355.6767,212.21413,vwcaigkvii,953673
utility,383.31116,-733.65063,wrocjqbxxa,992046
utility,335.18436,-1788.5055,pervjtucxu,331014
utility,385.4796,-748.1168,obenisiuil,256619
utility,377.2519,-542.33746,kxpbjlityf,174246
essential,182.86691,891.69214
luxury,441.38998,-1099.8151,11,very hard
essential,312.643,-1280.6915
utility,364.4992,386.70093,vkdfplhixk,828097
essential,192.54713,87.87244
utility,332.2702,-913.9974,szxvwijvrx,764932
essential,168.9183,-1512.8108
essential,335.99463,-715.73456
luxury,326.20663,-36.148743,1,almost impossible
luxury,442.73984,370.207,9,medium
essential,303.32272,-849.32166
utility,367.65784,-917.5742,fuvvdmffqv,706450
utility,319.35385,-993.8338,vcpkzsqiae,454502
utility,330.38284,-25.621948,sammahayaz,806808
utility,224.25133,-861.0371,hcbbpcviyp,191302
essential,164.94295,-1513.0696
utility,241.85413,-1887.302,kaleflajbm,348690
luxury,379.16037,-618.65076,4,very easy
luxury,404.6203,-694.08514,11,very easy
essential,182.2686,-549.30426
utility,317.5187,-1175.1423,gssdffpfxz,764139
utility,223.66272,276.95322,zxeypvrrfy,836380
utility,381.01385,-886.49554,fgklpswcql,674919
essential,288.4628,-754.3798
utility,239.58514,-114.83151,miidktpwfs,013530
essential,252.86942,-1596.7296
utility,310.38016,-1073.3638,gnufmexlsu,445424
utility,311.10226,-1035.2905,svphtzvyzv,719380
utility,286.23834,-1569.604,aoehncamhs,063975
utility,319.85986,-445.6801,lcrcmbaonn,386149
essential,204.54048,-950.45197
utility,303.16843,729.7899,vglofiisdh,847756
luxury,308.79834,-654.1945,9,almost impossible
utility,274.4345,39.66993,hbrhzrrpzl,763626
utility,320.0243,-1111.0925,yabxtxabnd,561490
utility,219.5608,-1347.2316,mzmhjfukww,965759
essential,193.69774,-1622.2389
utility,285.91553,-320.68427,alihjupoou,194828
essential,321.6078,-113.17877
essential,237.24448,-1064.362
luxury,322.55725,-502.60046,6,very easy
essential,278.67487,-328.09528
luxury,439.52823,-1221.4717,2,hard
utility,263.96985,673.1606,vtcmcdkfgc,378643
utility,397.19287,-136.16272,pwjxzbapqd,126682
utility,332.6975,593.99274,khmkrasdmx,462659
utility,290.3526,-1615.7069,voillxmfjz,939283
utility,384.04364,83.224915,okslatfrpp,018825
utility,270.89853,-1204.7057,uheozpdqmg,921037
essential,203.85075,199.70032
luxury,416.44238,195.67712,4,very hard
essential,288.78412,592.618
utility,324.56128,-725.81573,qkofteldto,680002
essential,202.03793,-26.833618
utility,325.2231,-256.8124,wdnvzjmdri,051482
luxury,256.9513,-1203.3274,3,medium
essential,263.37885,-493.33496
utility,308.14212,-1588.9921,uhrjluxedv,373454
utility,366.98346,-680.5162,djnuswnamj,565168
essential,294.57428,504.1506
luxury,345.53934,-718.2019,1,almost impossible
luxury,397.99686,357.6876,3,medium
essential,271.23788,-677.76636
utility,357.45837,363.21814,wtnarcbnew,558940
utility,305.4145,-480.50977,fakmcynevh,078944
luxury,360.9123,-1418.7632,7,medium
utility,387.05023,75.218445,uflrnwdyyn,348299
luxury,373.47653,135.28613,9,almost impossible
utility,365.50726,-658.32196,hdeebjoatv,228839
utility,351.274,-391.1695,idkabfuphm,642154
utility,275.8015,-1127.2496,xwtqradeyi,255964
utility,218.1195,-1016.89404,ilhnsaswgo,236805
luxury,379.0381,-615.03015,11,very easy
essential,205.87643,-1588.7424
utility,398.88507,-64.90405,wehhioqchb,166619
utility,324.37866,100.30882,ycyakeckmr,923911
essential,190.72388,427.29886
essential,349.28702,-707.6453
essential,270.74664,-73.050385
essential,313.58832,-1826.8936
utility,231.91379,-1795.0511,pyapklbaor,714834
essential,327.56726,-501.48645
essential,337.5938,-1519.6862
utility,339.01917,-1267.8463,okzjnxoxfu,688936
utility,318.17352,221.83777,eukcdhnblq,810808
utility,236.37314,-1773.0128,dthlnfvejs,131418
utility,357.42963,523.4546,ehxlewrfnl,169687
utility,253.62643,-1178.6086,wfmrtivrpy,121286
utility,216.6756,-962.23047,aifpmpjyxm,365668
essential,229.23495,562.3288
utility,291.79184,-461.47678,dppfxhswvv,998081
luxury,336.0086,-572.0105,11,very easy
utility,297.80585,-398.54333,lkxppzswko,161958
utility,363.40372,-495.2329,uzphwxywqs,720247
utility,245.74702,-1033.3838,klfadpwgck,139541
utility,326.77234,-691.7646,agqewmtjyv,136303
utility,202.65964,-888.3298,irfgdipdbx,234350
utility,336.23053,-551.566,gdolwbfpqb,060401
essential,181.77155,-634.3225
utility,266.11905,-343.23376,rhqsiljgyg,658473
utility,351.56335,162.41553,ncpptxlthk,710313
essential,206.17714,-888.81177
luxury,333.26456,-317.85864,2,almost impossible
essential,256.7795,-479.88904
essential,282.9909,443.01105
essential,200.77716,322.15875
utility,314.31458,311.0685,ikcqjeomtb,812530
essential,276.75763,-436.67862
utility,386.27728,-1131.2657,pkruidbyps,522582
luxury,286.20206,562.18713,8,very hard
utility,343.7474,302.34726,uoixqrvksh,454651
utility,299.70673,-228.66217,qfwgcxgkar,908505
utility,372.78665,-1850.607,rzyjlwoxoj,491234
utility,366.53192,-477.16907,cqdjsyxmuu,762638
luxury,349.52368,-1389.8118,6,very hard
utility,343.2755,-344.18396,gxntyqjkrj,179417
utility,258.3239,-210.45325,oozeilnjcd,506349
utility,396.53125,-237.35742,hinpboyyub,536390
utility,247.54724,226.22131,emuxwnxytu,960316
utility,352.77496,-298.87872,icspkduodt,819241
utility,321.29285,-618.27734,qkvbgnrclq,657834
utility,245.94,-1357.1876,iuoumvutjb,257168
utility,226.47403,491.08127,akywrlgtyv,296222
utility,360.07312,-323.3291,tyzuiwollw,123935
essential,309.4506,-203.89697
luxury,346.15955,-649.1841,2,very hard
essential,202.96648,-366.67334
luxury,315.47925,-684.62805,3,medium
luxury,280.37195,-410.94043,11,very hard
utility,343.43262,334.361,sniljkojsx,150846
utility,316.3468,-858.7639,ycatqwqozq,016369
essential,227.34964,-683.5774
essential,159.08006,-420.92194
utility,275.43134,-893.79205,zlbrymtnqf,712196
essential,297.3919,-634.6304
utility,322.34985,-839.4463,nvtywkzkzq,117276
utility,390.6402,-897.6405,zkuxeuyetr,097518
essential,319.99295,598.21075
essential,222.91612,-851.8082
luxury,419.88922,-1569.0312,7,very easy
utility,253.29591,-861.083,xlfsehnacz,890956
luxury,331.33002,-63.300858,8,almost impossible
utility,377.6215,-919.2761,vnnauomsgc,254813
utility,206.24512,-46.7807,gdjpjavinp,700543
essential,186.18259,-1128.1375
utility,250.90092,-224.85254,onzkbbroxn,938527
utility,342.89478,-921.06805,llqohlfcir,680337
essential,307.95877,829.61145
utility,321.65295,-190.5592,ugbnjmzppu,207872
utility,291.35855,-524.57446,jvjmljodza,799892
essential,278.3525,-165.29028
utility,395.7058,-1088.8284,qqkrgybqoo,824245
essential,165.26555,-1290.4579
essential,186.36679,-1287.386
utility,313.13406,-688.15137,zdocuhvyvq,060643
utility,208.14053,-441.5442,zodausljrd,536662
utility,340.58862,-209.4679,neqxvojyok,535631
utility,395.05106,373.6172,pgsonfvjja,004536
essential,341.20178,-670.0514
utility,391.6114,-213.68674,qpahdzazrl,535233
utility,258.1044,349.5747,rbviamqcgm,944844
luxury,445.07642,197.73065,4,almost impossible
essential,316.45416,-436.81238
essential,239.31563,509.22226
utility,329.47537,-438.36115,niyiydedci,025645
essential,237.96826,-434.46185
luxury,309.28082,186.35394,9,almost impossible
luxury,276.53363,-1684.7122,7,very easy
utility,376.59372,-118.35956,ymwgsaehmr,759202
utility,326.10947,-448.12378,btxqgycyyg,659266
essential,195.31842,255.89984
luxury,281.8541,91.556885,1,almost impossible
luxury,282.84244,329.02652,8,hard
utility,312.25714,864.7254,xmfrcezbbo,004810
utility,212.63643,-326.93927,ycshksrrtj,304458
luxury,341.85052,155.78448,1,easy
utility,206.37831,-105.0542,hrbpaptvqm,017426
essential,338.8333,-594.7816
luxury,261.60815,-737.54553,1,very easy
essential,150.65411,-992.3387
essential,328.51752,-630.7925
utility,376.92383,-1055.5283,axybcvejdz,831097
essential,340.77917,606.9481
utility,277.15063,-761.5442,wcacoivjma,657065
essential,327.02637,-853.4486
utility,384.10538,32.006615,tateyutufp,021222
utility,348.00528,-1129.1545,xdimjcmyak,290108
essential,193.4611,495.77832
luxury,290.77515,-776.4733,10,hard
essential,231.28099,-515.1735
essential,306.3908,-1124.7144
utility,226.19238,-833.58636,fgttxkhmez,981989
luxury,319.82825,-813.6595,10,very easy
essential,336.25635,-999.76
essential,164.12227,8.689819
essential,188.0608,285.23624
utility,236.54498,26.720825,ewspzwpyds,585567
essential,164.5297,-522.1867
essential,191.26035,229.10083
essential,247.32779,-268.49677
luxury,285.58768,-345.99915,5,almost impossible
utility,339.0252,341.8403,tkjjepqbyb,926852
luxury,264.06873,-1363.3228,3,almost impossible
essential,217.58789,-1368.719
utility,336.52618,-1340.1998,axfiwwpcui,229083
essential,314.34027,663.485
essential,254.6537,361.45734
utility,223.14816,470.59006,gzaxxccogy,734581
utility,214.76665,-134.15973,cslwsntfoj,854753
luxury,382.25696,-1081.9673,9,hard
utility,344.37164,-712.66016,phnhkbxlic,469117
utility,301.99826,-1665.8176,hamgdjyquz,171846
utility,218.71548,285.64374,gxmbgntovo,284047
utility,276.04065,-820.81854,wwpragfvsn,516627
essential,324.67307,-873.7173
luxury,381.20673,-518.45764,8,hard
essential,325.9701,-890.3231
luxury,415.86682,-859.9746,1,easy
utility,388.1549,-1541.6029,nlppxvbyzs,491038
utility,309.0438,299.77353,dwlylsowps,830287
essential,299.50684,-116.57086
luxury,265.48376,-917.52374,5,almost impossible
luxury,333.592,-726.28326,5,almost impossible
utility,302.4477,-960.3859,tdctuxgyhl,687411
utility,227.64148,-177.81418,ctolufbcpg,243603
luxury,312.94623,-1034.7806,1,almost impossible
essential,282.438,191.21289
utility,235.03831,-1310.1484,rujvbulrra,287029
essential,235.81625,-1105.6743
essential,172.83026,-421.96896
essential,288.4367,57.66237
essential,190.52734,249.48358
utility,326.49722,-1053.9128,palkhwarpu,458224
utility,364.42178,-933.40686,ueaavdexoi,817459
utility,238.14404,41.88336,rcmwfytunw,884695
utility,273.07617,-162.88507,meccgutukn,298466
essential,212.2873,-1683.323
luxury,412.12912,-143.40472,2,hard
utility,390.46323,-1241.0709,gdjdzdczmt,945300
luxury,344.86505,-759.1454,5,very easy
essential,318.79486,533.3211
essential,220.42717,-874.073
luxury,401.77054,427.35233,10,medium
utility,220.65118,838.6271,hbsfmdcjok,103047
utility,370.2731,-1113.0028,anrnxlvqqx,387799
utility,247.37239,-92.40276,vlmcgkkshj,900571
utility,277.809,702.0117,clmqbesayf,160391
essential,324.29834,-5.2062874
essential,211.45146,-340.30408
utility,395.47583,215.27277,lmncfonwou,276530
luxury,358.95465,-1268.7224,9,almost impossible
luxury,257.56177,71.61334,3,almost impossible
utility,282.67792,136.48187,ywwovoiljr,773152
utility,296.1222,-100.798676,zzspyeilgo,287509
essential,249.60114,-1143.4695
essential,337.85846,-932.35114
essential,211.79883,-1014.1717
utility,340.83838,205.9762,rivzuzxrmt,017271
utility,280.03998,-1123.1257,vuazslypeq,380944
utility,215.17801,-1633.405,wsqhdagnuy,899922
luxury,270.86206,110.1362,5,almost impossible
utility,364.00995,519.14685,bqqebmhyfi,273985
essential,311.33185,-687.9855
luxury,357.4923,-949.91595,8,very hard
luxury,282.40216,967.50305,5,almost impossible
essential,175.0332,-873.6566
essential,289.0584,633.4283
utility,293.90076,120.33768,ynwdayetau,567580
essential,194.84248,150.3213
essential,231.08728,-1446.3174
essential,191.26837,-1304.2537
luxury,449.78967,-161.29524,7,very easy
luxury,325.6877,-978.00073,6,almost impossible
utility,397.23645,-1050.3196,whxldrgyvm,749426
utility,263.6297,-4.8023987,lahjxuhyjb,556695
essential,231.3352,-378.82935
essential,249.51923,-241.70233
essential,155.86143,-209.27936
essential,186.95782,-620.67834
luxury,283.97766,463.56628,1,hard
utility,245.41891,-1239.0013,bcjzrnuqey,822124
utility,323.34674,-507.52576,enayrmuxbm,272262
essential,158.1445,-612.05536
utility,319.1945,-243.57532,puemzvweuk,189305
essential,298.89276,-6.195587
essential,305.01404,516.0056
luxury,351.0531,-1231.0856,4,very easy
utility,376.46948,-419.55267,jtiemvanra,440739
utility,318.8006,-1121.1978,ojvrqbypic,374343
essential,288.16125,136.9831
utility,320.86066,390.75977,qwnaoqqhvs,507186
utility,386.00696,-292.96786,yfkcycvvpi,051853
luxury,428.3424,-1340.0522,1,almost impossible
utility,360.1914,-1031.8729,nvzqigbgdx,127348
essential,295.29956,-601.0247
essential,187.28706,-1287.9878
utility,344.73325,142.6636,yjekfwxiqc,046167
essential,225.94543,-54.77466
utility,269.1608,596.32605,keuohcxzoc,425203
essential,343.4574,-598.18225
essential,333.58875,-596.8925
utility,354.09674,-1233.6826,vnkphuxgvx,676407
essential,255.72917,-448.40036
utility,331.94946,699.9519,arsqefnkzj,246768
luxury,279.90558,-425.52896,7,easy
utility,353.78967,-109.545105,uhgigebnpm,323497
essential,330.7188,-480.39368
essential,298.73242,97.435425
utility,211.22281,-1100.8922,shksclsaec,243334
luxury,402.70392,309.6957,8,very easy
utility,330.24323,-127.93512,teccigytmz,034803
utility,251.25653,305.75372,gdegbfxwud,170577
essential,325.33926,345.219
essential,315.387,-60.945526
luxury,294.6134,-657.6545,4,medium
essential,307.2636,-99.52344
utility,323.04056,270.52002,nwjavfebwl,590828
essential,272.19437,-1402.8209
essential,247.03525,-1785.9387
utility,371.335,-201.88194,ecrpeatqgo,247904
luxury,435.09583,-649.6703,1,medium
utility,278.90942,-829.37915,jaxtocytfr,423206
essential,262.09882,-52.41223
utility,329.05927,243.41806,kubuupseza,922095
essential,253.83153,-974.72614
utility,356.46643,-1401.6865,cltrzbfdgl,536728
essential,289.112,-48.70085
utility,216.99335,-680.98474,ijdkvpwfpv,943068
essential,259.14636,-358.81693
essential,163.53268,-1530.7341
essential,163.59389,-1084.5499
utility,334.9592,-501.99213,idhmvjzcem,634491
essential,330.67688,204.68484
luxury,376.99466,-39.608765,7,almost impossible
utility,211.21199,-632.3521,urdliiumhr,338470
essential,163.61209,-905.6812
utility,329.31146,36.866318,grsnfjmunw,083467
luxury,397.14178,-1232.6272,1,almost impossible
utility,264.8462,90.63599,rbqdgefwgn,205138
essential,196.80267,56.021637
utility,258.26306,-331.1383,bxsglrngna,471373
utility,273.01038,-884.78015,zuxddzjdce,925651
essential,304.35434,104.76587
utility,321.05402,-1520.0645,suyfuuzqzc,545872
essential,302.9347,-459.90167
utility,216.62288,-1636.3145,eitptjwiln,943709
essential,190.95433,540.9425
luxury,433.78406,365.7475,11,almost impossible
essential,184.42119,-19.53566
utility,207.67389,-860.1499,pvxwfrnfbw,537470
utility,285.23602,-1164.4769,leusjaxbuf,640304
luxury,382.58154,-1127.6909,9,very hard
utility,346.03906,-572.3157,dymojcnhre,111796
utility,335.562,-1229.7533,dlbckzbzks,958916
utility,349.6466,38.187378,jdbdvemqcm,762282
essential,156.28706,-534.8129
essential,286.47668,-387.63678
essential,257.18625,576.88257
essential,332.13843,-521.9607
utility,363.77896,-75.23303,xhnwcwtvwf,658887
utility,398.84488,-1112.9116,lvwagyyfrn,637328
utility,300.88055,341.61212,zwccblvufw,271155
luxury,379.83356,198.62006,10,almost impossible
utility,366.818,-17.855698,zwuaoyzhuc,825186
essential,305.34183,-244.41093
utility,261.93524,-839.4013,usujqsfhnd,808975
luxury,417.48816,-863.14264,8,medium
utility,398.09747,-450.68448,uwnwobusbt,097527
luxury,267.06146,-533.0987,11,very easy
essential,276.84915,-512.8534
essential,233.00385,-195.34755
utility,301.45508,-946.0622,nlxrkkwpox,334381
utility,298.0007,-325.4469,blhhttwpzh,234335
essential,208.25325,-1220.7258
utility,358.72693,-970.61456,rihherzrai,944079
utility,398.31995,-889.72156,gryueobtey,663381
utility,378.6101,-419.0866,pqvvcbvjnk,629695
utility,259.3145,-291.17474,jnxbbdkvzy,539469
utility,329.79626,-11.248596,duefktlpra,366090
essential,200.78351,274.28394
essential,208.30014,434.14624
essential,337.41473,-1409.4039
luxury,282.1369,112.66351,7,almost impossible
utility,240.02184,-217.52338,quklucxvlh,354825
essential,155.16951,175.98074
utility,357.0113,-741.5908,ocxnfkzdex,313261
utility,268.30093,-1208.4952,kagyzyrsbz,633133
utility,247.16772,19.20974,peybdwzotp,806704
utility,265.483,886.8853,qxiwptxgmk,712911
utility,255.22517,-770.7755,fqqxghinif,436034
utility,233.88213,-177.73938,xnjxtcjbur,249367
utility,275.723,500.10684,omyjuygwqf,682607
essential,263.5063,-398.1094
luxury,313.58792,-256.46497,4,hard
essential,312.19574,-939.4376
utility,287.85583,-1838.6702,ldfklyigrj,106650
utility,251.43091,-378.94067,qanzlndeop,351241
utility,311.41907,-1771.5282,lnlmccmpyg,067602
utility,295.28055,-691.7844,ydssyojeyc,794713
utility,359.65887,312.14517,fqjufcflaz,575633
utility,397.52563,-1.4613342,suqcqatgwf,690856
utility,325.62393,-752.83234,bqsvvnpjim,164373
essential,264.06476,-400.53946
essential,205.26718,-1501.1672
luxury,418.45526,-1128.7589,4,almost impossible
essential,211.34024,-478.93567
utility,356.31097,33.430786,indvaqkzkt,790590
essential,295.13092,6.0585327
utility,354.38086,269.9899,foelaevlhn,307168
utility,203.23854,-1925.5825,otnskpolub,207177
essential,291.49796,-408.84183
utility,212.92264,914.91504,aatodblgio,423822
essential,228.36961,-720.8283
luxury,308.7162,-1029.8868,6,very easy
essential,249.4873,-1081.2192
utility,230.6879,-562.3551,zbjsscvcez,686160
utility,389.01562,-1570.012,neroxoqtbb,124999
utility,340.22034,-460.01825,eeyuuiwwyw,881756
utility,295.72556,729.9372,wijgyyqucp,586259
luxury,419.66052,311.11508,6,hard
utility,202.41835,-949.2854,cgpjtoadiv,236272
essential,298.29596,-222.82718
utility,345.552,140.32782,ymqurcbryf,099178
utility,225.62636,-71.06836,drstmmkhap,472842
utility,252.7858,-771.96747,gsjovtmmyo,049389
essential,332.2572,-643.46954
essential,290.6718,-322.5343
utility,316.08673,-1224.7875,xdimnbxclx,172868
essential,207.02094,-747.89233
essential,246.70973,-269.4845
utility,337.53915,-916.0757,dnmdqjmzmj,921971
luxury,427.64514,-986.22424,7,hard
luxury,419.76184,-1050.7998,10,almost impossible
utility,202.0659,-3.7372131,bkcieyywmy,775879
utility,326.4563,-797.4938,krlpxmrtir,312209
essential,194.5068,56.125977
utility,236.01949,-934.9558,mbageaszoo,950527
utility,249.39871,-296.12415,xdfxgfhduz,414823
utility,328.54114,-471.44482,zgjdpmbnqt,979524
utility,382.66473,-1221.427,zodtnyiaju,765651
essential,327.62152,-1188.4634
essential,228.98836,-514.5732
essential,150.09093,-371.51456
utility,356.95526,-51.121536,udboszcpaw,047070
essential,321.84076,-933.11127
utility,205.31285,100.90321,gfxpdjecze,017764
utility,203.50005,712.15283,uebezefqhs,264965
luxury,338.162,-798.7947,1,almost impossible
luxury,375.0395,-1246.0696,2,almost impossible
utility,267.29468,-763.2101,vttuzfcdnc,426278
luxury,448.1681,307.15552,3,almost impossible
utility,392.9256,-806.22205,ydgnayakaq,641328
essential,204.81422,-1385.6317
utility,394.50018,-997.5071,ceusogjwnx,336849
utility,307.20264,788.75793,zryaklmwps,714080
utility,395.11572,-515.2946,fjuepipzor,393759
luxury,264.70282,-1538.4208,3,almost impossible
utility,282.68597,-262.3756,wyedbxeyrp,650890
essential,253.44101,496.33002
luxury,442.73846,-212.8576,11,very hard
utility,294.89725,-349.4527,ajmshqucbm,878505
luxury,281.38367,-849.2528,10,medium
essential,171.1141,-443.78625
utility,377.0004,-477.43384,fotzrsdjfg,466036
utility,373.34802,53.37207,ouhlyqciye,095482
utility,241.6744,-1490.5862,uqwvtbujkz,127922
utility,356.12006,-100.32135,bpjavdphdx,182949
utility,296.59183,273.79224,csrtzvdong,676729
utility,223.93297,699.0279,bpzbqcqdwy,573025
utility,313.1769,394.6538,fxmudwiljp,223787
essential,205.85365,53.43068
utility,360.94403,-455.94974,cpuxkmsjrz,431879
luxury,429.474,-1311.1299,2,medium
utility,346.22388,-1314.3914,okrehazsej,151183
essential,271.3074,-791.8948
utility,230.5028,-52.196655,mpsntcodqd,810053
essential,268.7689,-474.44263
essential,194.47932,-669.17694
utility,212.95526,144.35284,gjnhlkzzqq,938621
utility,369.0569,133.12495,hcnwinhxzs,885078
luxury,433.09106,-1145.153,3,hard
utility,396.5462,-1005.7202,qwpzgkfbls,159590
utility,275.5509,-694.34564,ukspuymwxi,379686
utility,310.3377,717.0246,mkaagutofd,715665
utility,241.73888,-1057.5199,yiocrrvrun,110459
essential,215.9082,-1065.7073
luxury,293.18268,-35.75128,8,almost impossible
luxury,405.37408,-580.5054,6,very easy
luxury,384.3949,-927.2682,7,very easy
utility,202.92711,-757.7759,bjzufodkbu,736936
luxury,295.46375,-184.24487,7,almost impossible
luxury,382.38568,-394.98938,10,almost impossible
essential,240.00009,-1247.3328
essential,311.1361,-605.6626
luxury,254.08138,245.01169,11,medium
essential,248.24515,-1089.9221
luxury,281.8171,-1207.5698,6,almost impossible
utility,216.47778,-484.4311,smxbxwtghc,429672
utility,321.05276,-239.36743,rkojkvlvbh,288074
utility,310.30707,-1035.0547,oipmbothmf,710861
essential,333.1135,-1219.2712
utility,247.99313,-890.0245,grubcdjbfh,033655
essential,263.67267,-226.39838
utility,278.59488,47.53119,xltygwohac,417869
essential,311.93628,-601.28253
essential,182.89272,-520.50134
essential,346.16803,177.58002
essential,206.69269,-944.8127
utility,256.79938,-1429.2382,wzjxlgunjt,177955
utility,398.16037,-625.8147,pexfkfnsxy,275013
luxury,424.45294,-2.1365356,8,almost impossible
essential,285.46472,-883.3857
essential,191.04366,-668.1723
essential,258.41336,-420.0324
luxury,379.86383,-916.56494,11,almost impossible
essential,247.41281,-503.61115
utility,228.28867,-447.3619,qajxkwhimg,128265
essential,303.89532,-429.25336
essential,158.75447,118.90753
utility,373.4406,-1757.3457,txeeezyrbf,966882
utility,395.32724,220.00977,wkenhmmiee,078877
essential,195.09851,-1053.2957
essential,223.13046,-715.8195
utility,334.95404,-561.7766,gjijxhosom,884257
utility,261.41055,-730.2114,xwcaarkzty,225928
luxury,438.5338,33.560562,10,almost impossible
utility,310.85364,-598.056,orjrldxmgv,345678
essential,265.88382,211.65076
utility,325.8968,19.893467,kbzwmbkhaa,470708
utility,255.54243,-531.23096,hrsenfhusw,955519
utility,372.12973,-871.221,xdppqnsgwd,897061
luxury,269.74152,-162.46338,8,almost impossible
utility,217.3192,563.7361,rqqzqxoqkk,611445
luxury,416.71143,-212.49701,5,almost impossible
essential,340.40063,158.15413
essential,251.56995,-717.2272
utility,203.13246,-1349.6804,vnjkkgltrh,483297
utility,225.71866,-1532.2091,jjzgzrzkfo,464840
essential,349.39056,-1637.4431
utility,225.46236,-1548.6859,gipwpwettg,184755
essential,196.35739,193.68057
essential,180.02493,-1059.7839
essential,320.78284,-1032.2681
utility,227.3652,-298.18286,mxddoqlwvw,163902
utility,336.42194,-652.26044,nwxvbzlgvv,915384
luxury,426.42236,-1310.7225,4,medium
essential,320.32043,-293.1109
utility,272.40378,-111.15881,qgovxgwvgr,507527
utility,237.63689,-842.46533,isityfxlrg,854447
luxury,253.54344,-1365.176,7,very easy
luxury,318.11783,-552.5674,8,almost impossible
essential,334.0388,-30.076935
utility,325.01053,202.13196,gyqwvyhjbe,689207
utility,236.11307,455.16504,ypqmtvhtni,335789
utility,286.10474,-1346.5715,ebnaphqqox,868859
luxury,271.3269,-17.81427,3,almost impossible
essential,299.02194,-1227.6721
utility,236.72107,-1450.3657,yvifruxgan,371736
utility,348.3861,-928.0132,ebpbbbkztw,900189
essential,273.6098,-490.6539
essential,249.80238,-822.9054
essential,346.57083,-121.61182
utility,369.11005,-826.4098,tnccjtxhfe,216181
essential,306.9453,-722.4008
utility,349.6408,-1600.1398,touhgamdhd,661254
utility,212.7643,-1112.1501,aduvjoryyq,628091
essential,207.21724,412.50955
luxury,427.15204,-436.25092,1,almost impossible
utility,281.3696,-478.1474,fuwssspskl,964918
essential,267.7986,705.8368
essential,157.62457,-1057.4415
luxury,328.081,-668.1742,10,almost impossible
utility,376.8716,-1480.3903,fvxhqaakeu,948843
essential,157.74432,-977.6273
essential,158.71701,-1752.6862
utility,302.53552,706.5657,rhzhosyydc,813929
utility,386.4627,-1081.0546,vcuspdoucg,239537
utility,283.43088,-253.70215,wycazqjbpe,261325
essential,243.78854,58.491394
utility,241.47388,492.80884,cqtnvfhygi,833775
luxury,318.0183,-1142.2258,5,very easy
essential,318.92108,102.61737
utility,301.24402,-142.74902,gtdhkxbtou,031102
essential,289.84637,-1003.70746
essential,258.5885,-515.0622
essential,343.19464,209.57489
utility,283.99606,-785.15845,vlksjemjhw,686888
utility,216.48792,-1351.2432,rcpjbwpzta,793820
luxury,425.08533,-623.686,2,very easy
essential,240.1857,-501.40454
luxury,305.21753,-458.93958,8,hard
luxury,347.9999,-504.82434,10,hard
essential,240.92003,-781.063
utility,345.67148,-556.61066,ntcifovsek,353142
essential,196.90173,-1279.6753
utility,250.24121,98.59668,fxncvugwip,681648
utility,333.12714,-123.44362,rqwkgzfoln,837526
utility,210.94936,-1267.9023,naflqrmahm,611373
utility,224.43448,-798.1465,sdjumnouao,229292
essential,332.0997,-216.84747
utility,381.0679,-1074.288,dtuolseabv,407382
utility,284.50824,-124.36304,bqswmswgqd,243524
essential,309.03406,-45.510986
essential,282.82877,-42.92012
utility,225.7955,-1262.4856,ztnfpfnfhf,620803
utility,387.8177,-321.96466,frkrldmdmc,274968
utility,366.51062,-1.9884033,ynuhyfiecf,166349
essential,199.23587,-1229.9307
essential,271.49765,-806.3864
utility,329.1802,-914.86456,nsekukrwcg,340772
essential,272.3099,848.3036
essential,237.64694,-418.20602
utility,344.65073,39.22528,lqratigboj,585491
utility,228.18936,-119.78516,fsftxuaour,138886
utility,351.21423,-449.73187,oyogwihptw,162077
utility,267.37646,-1451.8538,cltddlqmau,764286
essential,193.46527,-521.17676
utility,382.8106,-1163.5938,sjurjqaitf,649989
utility,341.91882,-250.07123,gjbqfradlx,921039
utility,219.56815,-516.94916,wojpkhwuni,659053
essential,282.41125,-1224.3285
luxury,300.88364,-1551.1576,6,easy
utility,226.04901,419.10266,chfdfpwgfw,299089
luxury,309.0847,-1835.9395,6,very easy
utility,309.4463,135.92572,hawdfnbden,142351
essential,283.88635,-799.85767
utility,345.10242,-105.33264,byuydzqwrc,901265
utility,357.4097,-1434.8237,odhzrhcyzj,443473
utility,328.5538,-751.81866,xyoixvplwb,436803
utility,323.3871,-482.5193,ngvwzrrxxu,352004
luxury,411.8501,-728.62537,8,very hard
utility,332.3801,-1569.326,whatyctidt,748433
utility,319.98022,-111.85271,ysthyfuieg,791741
luxury,446.86273,-456.10486,10,very hard
essential,311.98102,-1577.1978
utility,333.90155,-744.7292,hhehlhsodu,447544
utility,316.7874,-1024.8661,kzxdjgubxu,252081
essential,271.6361,-928.75507
utility,392.1737,-395.20715,mmsmixxpom,061609
essential,258.63263,-571.63574
essential,266.9552,-1438.4247
utility,210.77524,-1348.638,eooykxbgja,124472
essential,282.75873,-1591.4628
utility,256.102,-1490.8138,enxiewcpzo,924520
essential,314.22574,868.43634
utility,334.1278,-1139.0173,kbiktmvvoe,638463
utility,380.55124,-634.41406,ksejblfgpr,858235
utility,253.43555,-911.2126,beuyjtyzir,987327
utility,206.39961,-205.90692,wfuoexztkq,660147
utility,327.77454,88.18787,zxcalvbhjm,005793
utility,332.77612,173.91574,yjjlyvjjox,157870
utility,391.19696,-818.0884,jxqtnzasue,682679
essential,157.14766,-889.3695
utility,366.68884,-1266.1787,rsihiryxbk,129334
utility,384.53558,756.0454,mubelffrfr,924481
utility,307.34943,-687.85205,wkdymegrdk,783190
essential,209.14787,-294.78186
luxury,364.12854,-325.2,11,very easy
utility,258.07068,-1454.466,ybwpghcqpa,828489
utility,376.61078,-1680.7998,xmkhzlcujl,974965
utility,316.7851,516.1067,nmddxelfeb,334570
luxury,388.62152,-191.377,4,medium
utility,289.60754,-1037.7672,omzerliysy,968150
utility,329.3232,-835.38965,dkdvqegsdi,093544
utility,371.58398,-331.7875,cvdggpuiya,280733
essential,294.71515,316.00006
utility,347.2187,-66.6017,vwtnexendq,113975
essential,238.90872,-326.23846
essential,284.25604,374.98898
utility,347.6477,-1323.3953,wsjuoqxiwx,059071
essential,268.94946,62.44629
utility,300.86316,-1121.3568,hqhcgmxdmy,399754
essential,180.68266,-1343.3892
utility,310.81262,-573.36694,dhpaddaqxh,407856
luxury,304.84018,480.86423,8,almost impossible
utility,396.74353,129.83499,kzfvtunsvg,104286
luxury,320.19482,-883.5198,5,hard
utility,311.76575,-178.01868,hfxldlohhy,218199
essential,286.88037,-1424.1813
utility,362.87817,-247.875,kzldkrjofc,973932
utility,255.7738,-870.37537,cgmocmuybf,267136
utility,201.53514,356.1287,dkpakahtby,502315
luxury,389.70914,418.81113,10,very easy
essential,282.95343,-812.17694
utility,289.11148,-134.95874,wutocwnufb,411271
luxury,340.20135,-133.51239,3,very hard
utility,238.1486,-1089.4044,mshjmklbrt,888722
utility,297.1391,394.01025,upmmeudbgr,999313
utility,314.37668,687.1261,mghnaxxntz,727216
utility,347.06244,-1414.6772,gjjaobhxcm,388598
utility,396.99023,-1704.0055,lvcpdsaqtm,268592
utility,284.03937,-266.6444,qitdemkkhm,514663
utility,204.53957,-1106.704,xoeebyqxhy,787565
utility,298.3672,-903.76416,txjkbevzzt,607444
luxury,291.9546,-582.84406,1,almost impossible
essential,254.84769,-212.1142
utility,374.58978,-163.86151,rxidoksdbw,502298
essential,254.155,-428.1319
utility,368.49927,-208.62772,ynfrupzjpq,957643
utility,338.31873,599.04034,ocsevlwbhv,115438
utility,308.56018,-499.4806,yusbiezvts,657338
essential,322.06055,-44.36023
utility,337.3073,-1211.7732,gcgmmogkmx,065060
utility,391.62982,-705.94684,vzuwcwupqi,337367
utility,394.27237,209.18881,hsvlydbtob,951830
utility,284.41095,-609.1122,pcornugunj,202741
essential,241.35242,-52.381714
essential,338.64893,-1229.6545
utility,300.4784,-706.72327,ystbaibyfr,325884
utility,264.96338,-1306.01,fyyqvnxess,144241
luxury,380.23267,-1270.3689,3,very easy
utility,303.6255,-924.8901,wjdvhlbrok,129426
utility,210.1667,-110.98224,nuoxshshve,755832
utility,328.41528,-506.35138,mobrnsgkxj,450985
utility,295.98694,-1713.0092,dqruijcfun,968354
luxury,307.36584,92.62305,6,easy
utility,247.01343,-574.63184,ghwkxupjjv,312479
luxury,372.20572,-35.93332,5,almost impossible
luxury,271.53638,784.04193,10,almost impossible
utility,332.5032,-1475.4436,ystndgxwtg,198785
utility,285.18854,-1058.2601,iugpitxxhc,555613
utility,251.21164,587.42554,flbhyhjfha,584249
utility,274.11353,-741.1083,vyhsihzykc,348634
utility,389.30936,-148.4364,mjhhfrkepd,942609
utility,202.2992,-1288.3245,cosmufkjhw,674161
essential,227.33615,-255.47882
utility,316.46033,-871.41766,txcnatqjyp,856257
utility,322.99756,208.7095,euivfxktvk,937804
utility,281.58853,193.19687,nrgtqqzhys,901940
utility,314.2986,85.074524,tabommhirn,078817
utility,399.49945,-1057.413,razmevfqmd,186221
utility,331.71542,-1530.5619,ukzqzlbejn,728350
essential,169.2215,-1248.0592
utility,242.16486,-129.83539,edtivpphqf,578100
utility,237.24806,-423.28552,dcppheumfe,394209
luxury,432.0609,-743.8364,2,almost impossible
luxury,410.31125,356.65558,8,almost impossible
essential,263.4852,-388.32507
luxury,357.68494,30.060104,11,very easy
utility,202.04453,-1027.3923,jgrjmjqwua,521706
luxury,448.64243,-906.35596,6,very easy
utility,229.90816,-351.07404,phcvztckcf,361039
utility,271.86414,-575.00885,yiuxdmphoh,725170
utility,346.40118,15.894775,fhwgwhzjjj,600812
luxury,420.2818,-1298.3212,1,hard
essential,244.32556,244.52156
utility,234.97678,207.3039,zircldrhet,984511
luxury,296.73596,-71.80966,10,hard
utility,322.41803,-889.74976,tlgvepaqpy,001687
essential,341.69672,-74.43292
luxury,263.5965,-258.62988,8,medium
utility,280.7753,-13.849548,nucraroqoh,244080
utility,319.63477,-1148.8744,rxjnymizzj,099089
utility,336.30933,486.65744,ptrukchotr,557564
essential,244.25528,-983.73047
utility,224.77094,-1212.575,xbtmzhmhdh,238834
utility,266.55286,963.498,zanliifxdl,131891
luxury,425.45322,-710.16785,8,almost impossible
utility,333.61322,-749.36066,cisgjmlsfx,661322
utility,386.79346,-483.75974,onfpdzhbcg,063641
luxury,439.00317,-992.93945,5,hard
utility,271.25076,-1659.0444,ucndnhglhr,078121
utility,395.3249,-1004.8074,fcmnmxhyes,560154
luxury,254.06453,-152.90762,4,easy
utility,326.8457,-6.383545,skxlyhsquk,203979
utility,268.78632,-760.0684,tivmsnlrap,196011
utility,215.82971,-1262.7322,xpluapqltq,542195
utility,320.7736,-746.0984,abjutpnopp,083767
essential,340.56287,666.3654
essential,269.61902,-1423.4182
utility,315.02673,240.28468,ddtevvyfom,158285
essential,248.35904,125.406204
luxury,379.1579,-476.77985,11,medium
essential,162.77757,-347.13205
essential,223.86278,259.80432
utility,229.01527,-479.63953,inkjhbrytc,327601
utility,257.07712,-640.3171,iknwxcuqhk,545989
utility,337.58508,-175.18774,xukoggxkcu,164677
utility,238.1019,-1042.779,hwgmuxacee,406817
utility,206.39507,51.47528,ntztyttkmn,564109
essential,300.23627,-1139.2845
utility,309.25568,-972.69434,jhfizrabjd,608078
utility,265.547,333.28314,opxyvueiwn,203922
utility,348.67407,38.588806,ouyjoeqtic,004507
essential,205.8335,-972.6988
essential,261.47095,-1414.6458
essential,333.70703,-661.3539
essential,181.44194,-460.19
luxury,335.748,-175.15338,7,very hard
utility,324.99945,-898.21704,aqfldbcgjt,247221
utility,292.24783,-612.32324,qsusvyluyl,763421
utility,394.16638,-867.37164,dnxqafmiit,728170
utility,318.99426,417.78735,kvzdhkbwvz,578962
essential,213.77098,-1000.9373
utility,298.9996,524.8237,mhnpzpsnhf,575050
essential,321.56335,-422.18817
essential,187.08958,-82.05146
utility,281.89392,-1464.4453,bqnyqfnccr,335943
utility,382.6552,-239.19623,uvcnpnfilh,592162
essential,284.5216,-1059.8899
essential,330.5532,-405.92224
utility,345.0919,-42.607666,yvkqshhjks,136410
utility,395.92047,-107.94873,ydlarvverz,440899
essential,328.10345,-313.87305
utility,286.1961,523.91077,wdwuxboxkb,126163
essential,233.21387,209.80759
essential,170.55878,-1753.9681
utility,262.3678,-697.9951,iryjbwyotb,843547
luxury,264.2567,-425.76093,1,almost impossible
utility,247.186,-802.42847,jrglyrzplr,928339
utility,321.6323,-304.06546,sofwcpzksf,128232
utility,395.49384,263.79977,fbpqzaxfzr,748796
essential,346.11298,-90.45209
utility,238.47299,-657.50195,jnuaenkglz,476317
essential,288.69617,826.48627
essential,196.93001,-693.9525
essential,247.63339,-315.489
essential,306.8842,-1580.602
essential,193.31247,55.678894
essential,166.84583,-849.0628
utility,246.315,-873.88403,nskrbeefig,091520
luxury,281.77283,84.618835,1,hard
utility,363.08728,-381.1593,nreuncfabt,829740
essential,317.9765,-508.35974
essential,316.9626,-606.5665
luxury,357.95367,361.9857,1,almost impossible
luxury,261.44543,-107.08197,8,almost impossible
utility,399.71368,-501.38965,jvrhubaesg,197917
essential,316.8849,417.0573
luxury,308.2346,-787.4835,9,medium
luxury,378.85535,-639.717,2,almost impossible
essential,242.78421,-548.44586
luxury,308.5882,-73.90259,9,almost impossible
utility,288.7293,-260.4718,nqypowrxpp,646328
essential,242.05176,-214.07434
luxury,373.96106,54.586517,3,easy
utility,282.41617,65.614075,tbsvoxpgwn,473620
utility,320.05927,900.57947,kkviwatlar,959244
utility,399.28442,-409.26843,hddfsgsuhp,157287
utility,338.63,87.39258,snqgpwhgyr,764524
essential,160.33273,-674.36646
luxury,256.7566,-1529.2379,3,hard
utility,302.67398,-1236.6725,ireapwqllv,973246
luxury,306.24927,-796.9089,7,almost impossible
luxury,360.787,446.54523,2,easy
essential,335.87933,285.0266
utility,237.1015,-530.14575,zqugqwckbn,826019
utility,328.36255,392.3119,qydxymsgcy,437553
utility,208.12996,-595.3401,qbkjuafzno,660071
utility,207.08751,-612.06525,opmowofgln,306922
utility,216.88367,-130.85587,rkhudmbnhm,891119
essential,285.92108,-101.764206
utility,227.68259,-1640.8691,vejmeviokj,478641
utility,351.41565,-136.4544,fwuwcefoqc,594567
utility,290.50134,-637.9063,wrbocmjbum,339017
utility,307.4616,-5.875824,pwbwxefwcc,035559
utility,204.18433,474.65613,alcblorbbv,799484
utility,261.5625,-890.025,tbvfyrdzfd,260314
utility,221.1239,510.33743,zqfulbkiiu,225984
essential,317.81616,-311.78528
luxury,349.2566,-719.17163,5,almost impossible
luxury,357.86484,-751.3146,4,medium
luxury,425.48907,-610.4978,8,very easy
essential,187.83217,-770.7311
essential,281.30844,183.93356
utility,381.35107,-223.90063,dqqjmbloot,506434
essential,231.22249,-459.87854
utility,388.11127,-943.3278,kywytknpgz,199454
utility,382.3193,-644.5707,skelohjtuq,325387
utility,288.6798,729.40515,eihollzlof,118405
utility,282.7069,-1621.6597,mklunmekdr,472315
essential,312.52777,303.86813
